icd_code,icd_name,chapter,is_active,effective_from,effective_to,source_ref
I10,Tăng huyết áp nguyên phát,Bệnh hệ tuần hoàn,TRUE,2026-01-01,2099-12-31,MOH-IM-2026
E11.9,Đái tháo đường typ 2 không biến chứng,Bệnh nội tiết dinh dưỡng và chuyển hóa,TRUE,2026-01-01,2099-12-31,MOH-IM-2026
E78.5,Rối loạn lipid máu,Bệnh nội tiết dinh dưỡng và chuyển hóa,TRUE,2026-01-01,2099-12-31,MOH-IM-2026
N18.1,Bệnh thận mạn giai đoạn 1,Hệ tiết niệu,TRUE,2026-01-01,2099-12-31,MOH-IM-2026
R07.4,Đau ngực không đặc hiệu,Triệu chứng dấu hiệu bất thường,TRUE,2026-01-01,2099-12-31,MOH-IM-2026
J01.9,Viêm xoang cấp không đặc hiệu,Bệnh hệ hô hấp,TRUE,2026-01-01,2099-12-31,MOH-ENT-2026
J02.9,Viêm họng cấp không đặc hiệu,Bệnh hệ hô hấp,TRUE,2026-01-01,2099-12-31,MOH-ENT-2026
J03.9,Viêm amidan cấp không đặc hiệu,Bệnh hệ hô hấp,TRUE,2026-01-01,2099-12-31,MOH-ENT-2026
J32.9,Viêm xoang mạn không đặc hiệu,Bệnh hệ hô hấp,TRUE,2026-01-01,2099-12-31,MOH-ENT-2026
H66.9,Viêm tai giữa không đặc hiệu,Bệnh tai và xương chũng,TRUE,2026-01-01,2099-12-31,MOH-ENT-2026
K02.1,Sâu răng ngà,Bệnh hệ tiêu hóa,TRUE,2026-01-01,2099-12-31,MOH-RHM-2026
K02.5,Sâu răng có tủy tổn thương,Bệnh hệ tiêu hóa,TRUE,2026-01-01,2099-12-31,MOH-RHM-2026
K04.0,Viêm tủy răng,Bệnh hệ tiêu hóa,TRUE,2026-01-01,2099-12-31,MOH-RHM-2026
K04.1,Hoại tử tủy răng,Bệnh hệ tiêu hóa,TRUE,2026-01-01,2099-12-31,MOH-RHM-2026
K05.1,Viêm nướu mạn,Bệnh hệ tiêu hóa,TRUE,2026-01-01,2099-12-31,MOH-RHM-2026
K08.1,Mất răng do nhổ hoặc tai nạn,Bệnh hệ tiêu hóa,TRUE,2026-01-01,2099-12-31,MOH-RHM-2026
K12.1,Viêm miệng dạng tưa lưỡi ap-tơ,Bệnh hệ tiêu hóa,TRUE,2026-01-01,2099-12-31,MOH-RHM-2026
M15.9,Thoái hóa đa khớp không chỉ định,Bệnh hệ cơ xương khớp và mô liên kết,TRUE,2026-01-01,2099-12-31,MOH-MSK-2026
M17.9,Thoái hóa khớp gối không chỉ định,Bệnh hệ cơ xương khớp và mô liên kết,TRUE,2026-01-01,2099-12-31,MOH-MSK-2026
M19.9,Thoái hóa khớp không chỉ định,Bệnh hệ cơ xương khớp và mô liên kết,TRUE,2026-01-01,2099-12-31,MOH-MSK-2026
M05.9,Viêm khớp dạng thấp có yếu tố dạng thấp,Bệnh hệ cơ xương khớp và mô liên kết,TRUE,2026-01-01,2099-12-31,MOH-MSK-2026
M10.9,Bệnh gút không chỉ định,Bệnh hệ cơ xương khớp và mô liên kết,TRUE,2026-01-01,2099-12-31,MOH-MSK-2026
I20.9,Cơn đau thắt ngực không chỉ định,Bệnh hệ tuần hoàn,TRUE,2026-01-01,2099-12-31,MOH-CARDIO-2026
I50.9,Suy tim không chỉ định,Bệnh hệ tuần hoàn,TRUE,2026-01-01,2099-12-31,MOH-CARDIO-2026
I48.9,Rung nhĩ và cuồng nhĩ không chỉ định,Bệnh hệ tuần hoàn,TRUE,2026-01-01,2099-12-31,MOH-CARDIO-2026
K21.9,Bệnh trào ngược dạ dày-thực quản không viêm,Bệnh hệ tiêu hóa,TRUE,2026-01-01,2099-12-31,MOH-GAS-2026
K52.9,Viêm dạ dày ruột và viêm đại tràng không nhiễm trùng,Bệnh hệ tiêu hóa,TRUE,2026-01-01,2099-12-31,MOH-GAS-2026
K64.9,Bệnh trĩ không chỉ định,Bệnh hệ tiêu hóa,TRUE,2026-01-01,2099-12-31,MOH-GAS-2026
K80.2,Sỏi túi mật không có viêm túi mật,Bệnh hệ tiêu hóa,TRUE,2026-01-01,2099-12-31,MOH-GAS-2026
K62.8,Các bệnh xác định khác của hậu môn trực tràng,Bệnh hệ tiêu hóa,TRUE,2026-01-01,2099-12-31,MOH-GAS-2026
G62.9,Bệnh viêm đa dây thần kinh không chỉ định,Bệnh hệ thần kinh,TRUE,2026-01-01,2099-12-31,MOH-NEURO-2026
G63.2,Bệnh đa dây thần kinh đái tháo đường,Bệnh hệ thần kinh,TRUE,2026-01-01,2099-12-31,MOH-NEURO-2026
G56.0,Hội chứng ống cổ tay,Bệnh hệ thần kinh,TRUE,2026-01-01,2099-12-31,MOH-NEURO-2026
Z32.1,"Có thai, đã được xác nhận",Kỳ thai sinh đẻ và sau sinh,TRUE,2026-01-01,2099-12-31,MOH-OBGYN-2026
Z34.9,Giám sát người có thai bình thường,Kỳ thai sinh đẻ và sau sinh,TRUE,2026-01-01,2099-12-31,MOH-OBGYN-2026
N76.0,Viêm âm đạo cấp tính,Bệnh hệ tiết niệu - sinh dục,TRUE,2026-01-01,2099-12-31,MOH-OBGYN-2026
N83.2,Nang buồng trứng khác và không xác định,Bệnh hệ tiết niệu - sinh dục,TRUE,2026-01-01,2099-12-31,MOH-OBGYN-2026
Z30.1,Đưa dụng cụ tránh thai vào tử cung (Đặt vòng),Kế hoạch hóa gia đình,TRUE,2026-01-01,2099-12-31,MOH-OBGYN-2026
H10.9,Viêm kết mạc không đặc hiệu,Bệnh về mắt và phần phụ,TRUE,2026-01-01,2099-12-31,MOH-EYE-2026
H40.9,Glôcôm không đặc hiệu,Bệnh về mắt và phần phụ,TRUE,2026-01-01,2099-12-31,MOH-EYE-2026
T15.9,Dị vật trên phần ngoài của mắt không xác định,Tổn thương và ngộ độc,TRUE,2026-01-01,2099-12-31,MOH-EYE-2026
H25.9,Đục thủy tinh thể lão hóa không xác định,Bệnh về mắt và phần phụ,TRUE,2026-01-01,2099-12-31,MOH-EYE-2026
H52.0,Viễn thị,Bệnh về mắt và phần phụ,TRUE,2026-01-01,2099-12-31,MOH-EYE-2026
H52.1,Cận thị,Bệnh về mắt và phần phụ,TRUE,2026-01-01,2099-12-31,MOH-EYE-2026
H52.2,Loạn thị,Bệnh về mắt và phần phụ,TRUE,2026-01-01,2099-12-31,MOH-EYE-2026
H50.9,Lác không xác định,Bệnh về mắt và phần phụ,TRUE,2026-01-01,2099-12-31,MOH-EYE-2026
H53.0,Nhược thị do mất thị giác,Bệnh về mắt và phần phụ,TRUE,2026-01-01,2099-12-31,MOH-EYE-2026
J06.9,Nhiễm trùng hô hấp trên cấp không đặc hiệu,Bệnh hệ hô hấp,TRUE,2026-01-01,2099-12-31,MOH-PED-2026
J20.9,Viêm phế quản cấp không đặc hiệu,Bệnh hệ hô hấp,TRUE,2026-01-01,2099-12-31,MOH-PED-2026
J45.9,Hen phế quản không đặc hiệu,Bệnh hệ hô hấp,TRUE,2026-01-01,2099-12-31,MOH-PED-2026
G40.9,Động kinh không đặc hiệu,Bệnh hệ thần kinh,TRUE,2026-01-01,2099-12-31,MOH-PED-2026
G80.9,Bại não không đặc hiệu,Bệnh hệ thần kinh,TRUE,2026-01-01,2099-12-31,MOH-PED-2026
H90.5,Giảm thính lực cảm giác thần kinh không đặc hiệu,Bệnh tai và xuơng chũm,TRUE,2026-01-01,2099-12-31,MOH-PED-2026
F84.0,Tự kỷ trẻ em,Rối loạn tâm thần và hành vi,TRUE,2026-01-01,2099-12-31,MOH-PED-2026
F70,Chậm phát triển trí tuệ mức độ nhẹ,Rối loạn tâm thần và hành vi,TRUE,2026-01-01,2099-12-31,MOH-PED-2026
E66.9,Béo phì không đặc hiệu,Bệnh nội tiết dinh dưỡng và chuyển hóa,TRUE,2026-01-01,2099-12-31,MOH-ENDOC-2026
E79.0,Tăng acid uric máu (không có dấu hiệu viêm khớp/gút),Bệnh nội tiết dinh dưỡng và chuyển hóa,TRUE,2026-01-01,2099-12-31,MOH-ENDOC-2026
E88.81,Hội chứng chuyển hóa,Bệnh nội tiết dinh dưỡng và chuyển hóa,TRUE,2026-01-01,2099-12-31,MOH-ENDOC-2026
I69.4,Di chứng của bệnh mạch máu não,Bệnh hệ tuần hoàn,TRUE,2026-01-01,2099-12-31,MOH-NEURO-2026
G20,Bệnh Parkinson,Bệnh hệ thần kinh,TRUE,2026-01-01,2099-12-31,MOH-NEURO-2026
G43.9,Migraine không chỉ định,Bệnh hệ thần kinh,TRUE,2026-01-01,2099-12-31,MOH-NEURO-2026
G44.2,Đau đầu do căng thẳng,Bệnh hệ thần kinh,TRUE,2026-01-01,2099-12-31,MOH-NEURO-2026
H81.9,Rối loạn tiền đình không chỉ định,Bệnh tai và xuơng chũm,TRUE,2026-01-01,2099-12-31,MOH-NEURO-2026
G30.9,Bệnh Alzheimer không chỉ định (Sa sút trí tuệ),Bệnh hệ thần kinh,TRUE,2026-01-01,2099-12-31,MOH-NEURO-2026
G45.9,Cơn thiếu máu não cục bộ thoảng qua không chỉ định (TIA),Bệnh hệ thần kinh,TRUE,2026-01-01,2099-12-31,MOH-NEURO-2026
J44.9,Bệnh phổi tắc nghẽn mạn tính không chỉ định (COPD),Bệnh hệ hô hấp,TRUE,2026-01-01,2099-12-31,MOH-RESP-2026
A97.0,Sốt Dengue,Bệnh nhiễm trùng và ký sinh trùng,TRUE,2026-01-01,2099-12-31,MOH-INF-2026
B18.1,Viêm gan virus B mạn tính không có tác nhân Delta,Bệnh nhiễm trùng và ký sinh trùng,TRUE,2026-01-01,2099-12-31,MOH-INF-2026
B34.9,Nhiễm virus không chỉ định,Bệnh nhiễm trùng và ký sinh trùng,TRUE,2026-01-01,2099-12-31,MOH-INF-2026
N39.0,Nhiễm trùng đường tiết niệu vị trí không xác định,Bệnh hệ tiết niệu - sinh dục,TRUE,2026-01-01,2099-12-31,MOH-URO-2026
N20.9,Sỏi tiết niệu không chỉ định,Bệnh hệ tiết niệu - sinh dục,TRUE,2026-01-01,2099-12-31,MOH-URO-2026
N40,Tăng sản tuyến tiền liệt (Phì đại tuyến tiền liệt lành tính),Bệnh hệ tiết niệu - sinh dục,TRUE,2026-01-01,2099-12-31,MOH-URO-2026
M54.5,Đau thắt lưng dưới,Bệnh hệ cơ xương khớp và mô liên kết,TRUE,2026-01-01,2099-12-31,MOH-MSK-2026
M47.8,Thoái hóa cột sống khác,Bệnh hệ cơ xương khớp và mô liên kết,TRUE,2026-01-01,2099-12-31,MOH-MSK-2026
M54.3,Đau thần kinh tọa,Bệnh hệ cơ xương khớp và mô liên kết,TRUE,2026-01-01,2099-12-31,MOH-MSK-2026
M81.9,Loãng xương không có gãy xương bệnh lý,Bệnh hệ cơ xương khớp và mô liên kết,TRUE,2026-01-01,2099-12-31,MOH-MSK-2026
L20.9,Viêm da cơ địa không xác định,Bệnh của da và mô dưới da,TRUE,2026-01-01,2099-12-31,MOH-DERM-2026
L50.9,Mề đay không xác định,Bệnh của da và mô dưới da,TRUE,2026-01-01,2099-12-31,MOH-DERM-2026
B35.9,Bệnh nấm da (Dermatophytosis) không xác định,Bệnh nhiễm trùng và ký sinh trùng,TRUE,2026-01-01,2099-12-31,MOH-DERM-2026
B02.9,Bệnh Zona không có biến chứng (Herpes zoster),Bệnh nhiễm trùng và ký sinh trùng,TRUE,2026-01-01,2099-12-31,MOH-DERM-2026
K29.5,Viêm dạ dày mạn tính không chỉ định,Bệnh hệ tiêu hóa,TRUE,2026-01-01,2099-12-31,MOH-GI-2026
G47.0,Rối loạn bắt đầu và duy trì giấc ngủ [Mất ngủ],Bệnh hệ thần kinh,TRUE,2026-01-01,2099-12-31,MOH-PSYCH-2026
F41.9,Rối loạn lo âu không chỉ định,Rối loạn tâm thần và hành vi,TRUE,2026-01-01,2099-12-31,MOH-PSYCH-2026
D25.9,U cơ trơn tử cung (U xơ tử cung) không xác định,Khối u (Tân sinh),TRUE,2026-01-01,2099-12-31,MOH-OBGYN-2026
N92.0,Kinh nguyệt quá nhiều và thường xuyên (Rong kinh),Bệnh hệ tiết niệu - sinh dục,TRUE,2026-01-01,2099-12-31,MOH-OBGYN-2026
N70.9,Viêm vòi trứng và buồng trứng (Viêm phần phụ),Bệnh hệ tiết niệu - sinh dục,TRUE,2026-01-01,2099-12-31,MOH-OBGYN-2026
I25.1,Bệnh tim thiếu máu cục bộ mạn tính,Bệnh hệ tuần hoàn,TRUE,2026-01-01,2099-12-31,MOH-CARDIO-2026
I83.9,Giãn tĩnh mạch chi dưới (Không loét viêm),Bệnh hệ tuần hoàn,TRUE,2026-01-01,2099-12-31,MOH-CARDIO-2026
I11.9,Bệnh tim do tăng huyết áp (Không suy tim),Bệnh hệ tuần hoàn,TRUE,2026-01-01,2099-12-31,MOH-CARDIO-2026
I65.2,Tắc nghẽn và hẹp động mạch cảnh,Bệnh hệ tuần hoàn,TRUE,2026-01-01,2099-12-31,MOH-CARDIO-2026
E05.9,Nhiễm độc giáp không đặc hiệu (Cường giáp),Bệnh nội tiết dinh dưỡng và chuyển hóa,TRUE,2026-01-01,2099-12-31,MOH-ENDOC-2026
E03.9,Suy giáp không đặc hiệu,Bệnh nội tiết dinh dưỡng và chuyển hóa,TRUE,2026-01-01,2099-12-31,MOH-ENDOC-2026
E04.9,Bướu cổ không độc không đặc hiệu,Bệnh nội tiết dinh dưỡng và chuyển hóa,TRUE,2026-01-01,2099-12-31,MOH-ENDOC-2026
E21.3,Cường tuyến cận giáp,Bệnh nội tiết dinh dưỡng và chuyển hóa,TRUE,2026-01-01,2099-12-31,MOH-ENDOC-2026
E20.9,Suy tuyến cận giáp,Bệnh nội tiết dinh dưỡng và chuyển hóa,TRUE,2026-01-01,2099-12-31,MOH-ENDOC-2026
N60.9,Loạn sản vú lành tính không đặc hiệu,Bệnh hệ sinh dục tiết niệu,TRUE,2026-01-01,2099-12-31,MOH-BREAST-2026
N61,Các rối loạn viêm của vú,Bệnh hệ sinh dục tiết niệu,TRUE,2026-01-01,2099-12-31,MOH-BREAST-2026
N63,Khối u không xác định ở vú,Bệnh hệ sinh dục tiết niệu,TRUE,2026-01-01,2099-12-31,MOH-BREAST-2026
D24,U mềm lành tính của vú (U xơ vú),Khối u,TRUE,2026-01-01,2099-12-31,MOH-BREAST-2026
L20.9,Viêm da cơ địa,Bệnh da và mô dưới da,TRUE,2026-01-01,2099-12-31,MOH-DERM-2026
L23.9,Viêm da tiếp xúc dị ứng,Bệnh da và mô dưới da,TRUE,2026-01-01,2099-12-31,MOH-DERM-2026
L40.0,Vảy nến thể mảng,Bệnh da và mô dưới da,TRUE,2026-01-01,2099-12-31,MOH-DERM-2026
L50.9,Mày đay,Bệnh da và mô dưới da,TRUE,2026-01-01,2099-12-31,MOH-DERM-2026
B35.9,Bệnh nấm da,Bệnh nhiễm trùng,TRUE,2026-01-01,2099-12-31,MOH-DERM-2026
I12.9,Bệnh thận do tăng huyết áp không suy thận,Bệnh hệ tuần hoàn,TRUE,2026-01-01,2099-12-31,MOH-IM-2026
I25.9,Bệnh tim thiếu máu cục bộ mạn không xác định,Bệnh hệ tuần hoàn,TRUE,2026-01-01,2099-12-31,MOH-CARDIO-2026
N18.9,Bệnh thận mạn không xác định giai đoạn,Hệ tiết niệu,TRUE,2026-01-01,2099-12-31,MOH-IM-2026
N18.3,Bệnh thận mạn giai đoạn 3,Hệ tiết niệu,TRUE,2026-01-01,2099-12-31,MOH-IM-2026
K29.7,Viêm dạ dày không xác định,Bệnh hệ tiêu hóa,TRUE,2026-01-01,2099-12-31,MOH-GI-2026
K30,Khó tiêu chức năng,Bệnh hệ tiêu hóa,TRUE,2026-01-01,2099-12-31,MOH-GI-2026
M47.9,Thoái hóa cột sống không xác định,Bệnh hệ cơ xương khớp và mô liên kết,TRUE,2026-01-01,2099-12-31,MOH-MSK-2026
M25.5,Đau khớp,Bệnh hệ cơ xương khớp và mô liên kết,TRUE,2026-01-01,2099-12-31,MOH-MSK-2026
F32.9,Giai đoạn trầm cảm không xác định,Rối loạn tâm thần và hành vi,TRUE,2026-01-01,2099-12-31,MOH-PSYCH-2026
R73.0,Bất thường nghiệm pháp dung nạp glucose,Triệu chứng dấu hiệu bất thường,TRUE,2026-01-01,2099-12-31,MOH-ENDOC-2026
J00,Viêm mũi họng cấp [cảm lạnh thông thường],Bệnh hệ hô hấp,TRUE,2026-01-01,2099-12-31,MOH-ENT-2026
J30.9,Viêm mũi dị ứng không xác định,Bệnh hệ hô hấp,TRUE,2026-01-01,2099-12-31,MOH-ENT-2026
J04.0,Viêm thanh quản cấp,Bệnh hệ hô hấp,TRUE,2026-01-01,2099-12-31,MOH-ENT-2026
J11.1,"Cúm có biểu hiện hô hấp, không xác định virus cúm",Bệnh hệ hô hấp,TRUE,2026-01-01,2099-12-31,MOH-INF-2026
A09,Tiêu chảy và viêm dạ dày ruột nghi nhiễm khuẩn,Bệnh nhiễm trùng và ký sinh trùng,TRUE,2026-01-01,2099-12-31,MOH-INF-2026
R50.9,Sốt không xác định nguyên nhân,Triệu chứng dấu hiệu bất thường,TRUE,2026-01-01,2099-12-31,MOH-INF-2026
R19.7,Tiêu chảy không xác định,Triệu chứng dấu hiệu bất thường,TRUE,2026-01-01,2099-12-31,MOH-GI-2026
L30.9,Viêm da không xác định,Bệnh của da và mô dưới da,TRUE,2026-01-01,2099-12-31,MOH-DERM-2026
B35.4,Nấm thân mình,Bệnh nhiễm trùng và ký sinh trùng,TRUE,2026-01-01,2099-12-31,MOH-DERM-2026
H60.9,Viêm tai ngoài không xác định,Bệnh tai và xương chũm,TRUE,2026-01-01,2099-12-31,MOH-ENT-2026
I13.0,Bệnh tim và thận do tăng huyết áp có suy tim sung huyết,Bệnh hệ tuần hoàn,TRUE,2026-01-01,2099-12-31,MOH-IM-2026
I13.9,Bệnh tim và thận do tăng huyết áp không xác định,Bệnh hệ tuần hoàn,TRUE,2026-01-01,2099-12-31,MOH-IM-2026
I70.9,Xơ vữa động mạch toàn thân không xác định,Bệnh hệ tuần hoàn,TRUE,2026-01-01,2099-12-31,MOH-CARDIO-2026
I73.9,Bệnh mạch máu ngoại biên không xác định,Bệnh hệ tuần hoàn,TRUE,2026-01-01,2099-12-31,MOH-CARDIO-2026
I95.1,Hạ huyết áp tư thế,Bệnh hệ tuần hoàn,TRUE,2026-01-01,2099-12-31,MOH-IM-2026
E11.2,Đái tháo đường typ 2 có biến chứng thận,Bệnh nội tiết dinh dưỡng và chuyển hóa,TRUE,2026-01-01,2099-12-31,MOH-ENDOC-2026
E11.4,Đái tháo đường typ 2 có biến chứng thần kinh,Bệnh nội tiết dinh dưỡng và chuyển hóa,TRUE,2026-01-01,2099-12-31,MOH-ENDOC-2026
E11.5,Đái tháo đường typ 2 có biến chứng tuần hoàn ngoại biên,Bệnh nội tiết dinh dưỡng và chuyển hóa,TRUE,2026-01-01,2099-12-31,MOH-ENDOC-2026
E78.2,Rối loạn lipid máu hỗn hợp,Bệnh nội tiết dinh dưỡng và chuyển hóa,TRUE,2026-01-01,2099-12-31,MOH-ENDOC-2026
E87.1,Hạ natri máu,Bệnh nội tiết dinh dưỡng và chuyển hóa,TRUE,2026-01-01,2099-12-31,MOH-IM-2026
N17.9,Suy thận cấp không xác định,Hệ tiết niệu,TRUE,2026-01-01,2099-12-31,MOH-IM-2026
N19,Suy thận không xác định,Hệ tiết niệu,TRUE,2026-01-01,2099-12-31,MOH-IM-2026
K25.9,Loét dạ dày không xuất huyết hoặc thủng,Bệnh hệ tiêu hóa,TRUE,2026-01-01,2099-12-31,MOH-GI-2026
K26.9,Loét tá tràng không xuất huyết hoặc thủng,Bệnh hệ tiêu hóa,TRUE,2026-01-01,2099-12-31,MOH-GI-2026
K27.9,Loét dạ dày-tá tràng không xác định không xuất huyết hoặc thủng,Bệnh hệ tiêu hóa,TRUE,2026-01-01,2099-12-31,MOH-GI-2026
K58.9,Hội chứng ruột kích thích không tiêu chảy,Bệnh hệ tiêu hóa,TRUE,2026-01-01,2099-12-31,MOH-GI-2026
K59.0,Táo bón,Bệnh hệ tiêu hóa,TRUE,2026-01-01,2099-12-31,MOH-GI-2026
J18.9,Viêm phổi không xác định,Bệnh hệ hô hấp,TRUE,2026-01-01,2099-12-31,MOH-RESP-2026
J42,Viêm phế quản mạn không xác định,Bệnh hệ hô hấp,TRUE,2026-01-01,2099-12-31,MOH-RESP-2026
J47.9,Giãn phế quản không biến chứng,Bệnh hệ hô hấp,TRUE,2026-01-01,2099-12-31,MOH-RESP-2026
D64.9,Thiếu máu không xác định,Bệnh máu và cơ quan tạo máu,TRUE,2026-01-01,2099-12-31,MOH-IM-2026
D50.9,Thiếu máu thiếu sắt không xác định,Bệnh máu và cơ quan tạo máu,TRUE,2026-01-01,2099-12-31,MOH-IM-2026
G47.3,Ngưng thở khi ngủ,Bệnh hệ thần kinh,TRUE,2026-01-01,2099-12-31,MOH-NEURO-2026
G62.1,Bệnh đa dây thần kinh do rượu,Bệnh hệ thần kinh,TRUE,2026-01-01,2099-12-31,MOH-NEURO-2026
R42,Chóng mặt và mất thăng bằng,Triệu chứng dấu hiệu bất thường,TRUE,2026-01-01,2099-12-31,MOH-IM-2026
R53,Mệt mỏi và suy nhược,Triệu chứng dấu hiệu bất thường,TRUE,2026-01-01,2099-12-31,MOH-IM-2026
R06.0,Khó thở,Triệu chứng dấu hiệu bất thường,TRUE,2026-01-01,2099-12-31,MOH-IM-2026
R60.0,Phù khu trú,Triệu chứng dấu hiệu bất thường,TRUE,2026-01-01,2099-12-31,MOH-IM-2026
R00.2,Đánh trống ngực,Triệu chứng dấu hiệu bất thường,TRUE,2026-01-01,2099-12-31,MOH-IM-2026
I49.9,Rối loạn nhịp tim không xác định,Bệnh hệ tuần hoàn,TRUE,2026-01-01,2099-12-31,MOH-CARDIO-2026
B35.1,Nấm móng,Bệnh thường gặp ngoại trú,TRUE,2026-04-30,2099-12-31,MOH-BHXH-OUTPATIENT-2026
B37.3,Nhiễm nấm Candida âm hộ âm đạo,Bệnh thường gặp ngoại trú,TRUE,2026-04-30,2099-12-31,MOH-BHXH-OUTPATIENT-2026
D17.9,U mỡ lành tính không xác định vị trí,Bệnh thường gặp ngoại trú,TRUE,2026-04-30,2099-12-31,MOH-BHXH-OUTPATIENT-2026
E04.1,Nhân tuyến giáp không nhiễm độc,Bệnh thường gặp ngoại trú,TRUE,2026-04-30,2099-12-31,MOH-BHXH-OUTPATIENT-2026
E16.2,"Hạ đường huyết, không xác định",Bệnh thường gặp ngoại trú,TRUE,2026-04-30,2099-12-31,MOH-BHXH-OUTPATIENT-2026
E53.8,Thiếu vitamin B khác,Bệnh thường gặp ngoại trú,TRUE,2026-04-30,2099-12-31,MOH-BHXH-OUTPATIENT-2026
E61.1,Thiếu sắt,Bệnh thường gặp ngoại trú,TRUE,2026-04-30,2099-12-31,MOH-BHXH-OUTPATIENT-2026
F45.3,Rối loạn dạng cơ thể hệ thần kinh tự chủ,Bệnh thường gặp ngoại trú,TRUE,2026-04-30,2099-12-31,MOH-BHXH-OUTPATIENT-2026
H04.1,Khô mắt,Bệnh thường gặp ngoại trú,TRUE,2026-04-30,2099-12-31,MOH-BHXH-OUTPATIENT-2026
H52.4,Lão thị,Bệnh thường gặp ngoại trú,TRUE,2026-04-30,2099-12-31,MOH-BHXH-OUTPATIENT-2026
H81.1,Chóng mặt tư thế kịch phát lành tính,Bệnh thường gặp ngoại trú,TRUE,2026-04-30,2099-12-31,MOH-BHXH-OUTPATIENT-2026
I87.2,Suy tĩnh mạch mạn ngoại biên,Bệnh thường gặp ngoại trú,TRUE,2026-04-30,2099-12-31,MOH-BHXH-OUTPATIENT-2026
J31.0,Viêm mũi mạn,Bệnh thường gặp ngoại trú,TRUE,2026-04-30,2099-12-31,MOH-BHXH-OUTPATIENT-2026
L21.9,Viêm da tiết bã,Bệnh thường gặp ngoại trú,TRUE,2026-04-30,2099-12-31,MOH-BHXH-OUTPATIENT-2026
L29.9,Ngứa da,Bệnh thường gặp ngoại trú,TRUE,2026-04-30,2099-12-31,MOH-BHXH-OUTPATIENT-2026
M54.2,Đau cổ,Bệnh thường gặp ngoại trú,TRUE,2026-04-30,2099-12-31,MOH-BHXH-OUTPATIENT-2026
M62.8,Rối loạn cơ khác,Bệnh thường gặp ngoại trú,TRUE,2026-04-30,2099-12-31,MOH-BHXH-OUTPATIENT-2026
N23,Cơn đau quặn thận,Bệnh thường gặp ngoại trú,TRUE,2026-04-30,2099-12-31,MOH-BHXH-OUTPATIENT-2026
N32.8,Rối loạn bàng quang khác,Bệnh thường gặp ngoại trú,TRUE,2026-04-30,2099-12-31,MOH-BHXH-OUTPATIENT-2026
R05,Ho,Bệnh thường gặp ngoại trú,TRUE,2026-04-30,2099-12-31,MOH-BHXH-OUTPATIENT-2026
R11,Buồn nôn và nôn,Bệnh thường gặp ngoại trú,TRUE,2026-04-30,2099-12-31,MOH-BHXH-OUTPATIENT-2026
R14,Đầy hơi chướng bụng,Bệnh thường gặp ngoại trú,TRUE,2026-04-30,2099-12-31,MOH-BHXH-OUTPATIENT-2026
R21,Phát ban da,Bệnh thường gặp ngoại trú,TRUE,2026-04-30,2099-12-31,MOH-BHXH-OUTPATIENT-2026
R25.2,Chuột rút và co thắt,Bệnh thường gặp ngoại trú,TRUE,2026-04-30,2099-12-31,MOH-BHXH-OUTPATIENT-2026
R52,Đau chưa phân loại,Bệnh thường gặp ngoại trú,TRUE,2026-04-30,2099-12-31,MOH-BHXH-OUTPATIENT-2026
R63.5,Tăng cân bất thường,Bệnh thường gặp ngoại trú,TRUE,2026-04-30,2099-12-31,MOH-BHXH-OUTPATIENT-2026
R82.9,Bất thường nước tiểu chưa xác định,Bệnh thường gặp ngoại trú,TRUE,2026-04-30,2099-12-31,MOH-BHXH-OUTPATIENT-2026
Z00.0,Khám sức khỏe tổng quát,Bệnh thường gặp ngoại trú,TRUE,2026-04-30,2099-12-31,MOH-BHXH-OUTPATIENT-2026
Z01.4,Khám phụ khoa định kỳ,Bệnh thường gặp ngoại trú,TRUE,2026-04-30,2099-12-31,MOH-BHXH-OUTPATIENT-2026
Z13.1,Sàng lọc đái tháo đường,Bệnh thường gặp ngoại trú,TRUE,2026-04-30,2099-12-31,MOH-BHXH-OUTPATIENT-2026
N76.1,Viêm âm đạo bán cấp và mạn,Sản phụ khoa,TRUE,2026-04-30,2099-12-31,MOH-OBGYN-2026B
N72,Viêm cổ tử cung,Sản phụ khoa,TRUE,2026-04-30,2099-12-31,MOH-OBGYN-2026B
N91.2,Vô kinh không xác định,Sản phụ khoa,TRUE,2026-04-30,2099-12-31,MOH-OBGYN-2026B
N92.1,Kinh nguyệt nhiều không đều,Sản phụ khoa,TRUE,2026-04-30,2099-12-31,MOH-OBGYN-2026B
N93.8,Ra huyết âm đạo bất thường khác,Sản phụ khoa,TRUE,2026-04-30,2099-12-31,MOH-OBGYN-2026B
N94.4,Đau bụng kinh nguyên phát,Sản phụ khoa,TRUE,2026-04-30,2099-12-31,MOH-OBGYN-2026B
N94.6,Đau bụng kinh không xác định,Sản phụ khoa,TRUE,2026-04-30,2099-12-31,MOH-OBGYN-2026B
N95.1,Triệu chứng mãn kinh,Sản phụ khoa,TRUE,2026-04-30,2099-12-31,MOH-OBGYN-2026B
N95.2,Viêm teo âm đạo sau mãn kinh,Sản phụ khoa,TRUE,2026-04-30,2099-12-31,MOH-OBGYN-2026B
N39.3,Tiểu không kiểm soát do gắng sức,Sản phụ khoa,TRUE,2026-04-30,2099-12-31,MOH-OBGYN-2026B
N81.1,Sa bàng quang,Sản phụ khoa,TRUE,2026-04-30,2099-12-31,MOH-OBGYN-2026B
N81.4,Sa tử cung hoàn toàn,Sản phụ khoa,TRUE,2026-04-30,2099-12-31,MOH-OBGYN-2026B
N80.9,Lạc nội mạc tử cung,Sản phụ khoa,TRUE,2026-04-30,2099-12-31,MOH-OBGYN-2026B
N84.1,Polyp cổ tử cung,Sản phụ khoa,TRUE,2026-04-30,2099-12-31,MOH-OBGYN-2026B
N84.0,Polyp thân tử cung,Sản phụ khoa,TRUE,2026-04-30,2099-12-31,MOH-OBGYN-2026B
N60.1,Bệnh xơ nang tuyến vú lan tỏa,Sản phụ khoa,TRUE,2026-04-30,2099-12-31,MOH-OBGYN-2026B
N64.4,Đau vú,Sản phụ khoa,TRUE,2026-04-30,2099-12-31,MOH-OBGYN-2026B
O21.9,Nôn nghén thai kỳ,Sản phụ khoa,TRUE,2026-04-30,2099-12-31,MOH-OBGYN-2026B
O20.0,Dọa sảy thai,Sản phụ khoa,TRUE,2026-04-30,2099-12-31,MOH-OBGYN-2026B
O23.1,Nhiễm trùng đường tiểu thai kỳ,Sản phụ khoa,TRUE,2026-04-30,2099-12-31,MOH-OBGYN-2026B
O24.4,Đái tháo đường thai kỳ,Sản phụ khoa,TRUE,2026-04-30,2099-12-31,MOH-OBGYN-2026B
O26.8,Các tình trạng liên quan thai kỳ khác,Sản phụ khoa,TRUE,2026-04-30,2099-12-31,MOH-OBGYN-2026B
O36.8,Theo dõi thai kỳ nguy cơ khác,Sản phụ khoa,TRUE,2026-04-30,2099-12-31,MOH-OBGYN-2026B
Z12.4,Sàng lọc ung thư cổ tử cung,Sản phụ khoa,TRUE,2026-04-30,2099-12-31,MOH-OBGYN-2026B
Z30.0,Tư vấn kế hoạch hóa gia đình,Sản phụ khoa,TRUE,2026-04-30,2099-12-31,MOH-OBGYN-2026B
Z30.4,Theo dõi sử dụng thuốc tránh thai,Sản phụ khoa,TRUE,2026-04-30,2099-12-31,MOH-OBGYN-2026B
N97.9,Vô sinh nữ,Sản phụ khoa,TRUE,2026-04-30,2099-12-31,MOH-OBGYN-2026B
N90.4,Loạn dưỡng âm hộ,Sản phụ khoa,TRUE,2026-04-30,2099-12-31,MOH-OBGYN-2026B
N89.8,Rối loạn âm đạo khác,Sản phụ khoa,TRUE,2026-04-30,2099-12-31,MOH-OBGYN-2026B
N85.0,Tăng sản nội mạc tử cung,Sản phụ khoa,TRUE,2026-04-30,2099-12-31,MOH-OBGYN-2026B
H00.0,Lẹo mi ngoài,Mắt,TRUE,2026-04-30,2099-12-31,MOH-EYE-2026
H00.1,Chắp mi,Mắt,TRUE,2026-04-30,2099-12-31,MOH-EYE-2026
H01.0,Viêm bờ mi,Mắt,TRUE,2026-04-30,2099-12-31,MOH-EYE-2026
H01.1,Viêm da mi không nhiễm trùng,Mắt,TRUE,2026-04-30,2099-12-31,MOH-EYE-2026
H02.0,Quặm mi,Mắt,TRUE,2026-04-30,2099-12-31,MOH-EYE-2026
H02.1,Lật mi,Mắt,TRUE,2026-04-30,2099-12-31,MOH-EYE-2026
H02.3,Co rút mi,Mắt,TRUE,2026-04-30,2099-12-31,MOH-EYE-2026
H02.4,Sụp mi,Mắt,TRUE,2026-04-30,2099-12-31,MOH-EYE-2026
H02.8,Rối loạn mi khác,Mắt,TRUE,2026-04-30,2099-12-31,MOH-EYE-2026
H04.2,Chảy nước mắt,Mắt,TRUE,2026-04-30,2099-12-31,MOH-EYE-2026
H04.3,Viêm lệ đạo cấp/không xác định,Mắt,TRUE,2026-04-30,2099-12-31,MOH-EYE-2026
H04.5,Hẹp và tắc lệ đạo,Mắt,TRUE,2026-04-30,2099-12-31,MOH-EYE-2026
H10.0,Viêm kết mạc mủ,Mắt,TRUE,2026-04-30,2099-12-31,MOH-EYE-2026
H10.1,Viêm kết mạc dị ứng cấp,Mắt,TRUE,2026-04-30,2099-12-31,MOH-EYE-2026
H10.2,Viêm kết mạc cấp khác,Mắt,TRUE,2026-04-30,2099-12-31,MOH-EYE-2026
H11.0,Mộng thịt,Mắt,TRUE,2026-04-30,2099-12-31,MOH-EYE-2026
H11.3,Xuất huyết kết mạc,Mắt,TRUE,2026-04-30,2099-12-31,MOH-EYE-2026
H15.0,Viêm củng mạc,Mắt,TRUE,2026-04-30,2099-12-31,MOH-EYE-2026
H16.0,Loét giác mạc,Mắt,TRUE,2026-04-30,2099-12-31,MOH-EYE-2026
H16.1,Viêm giác mạc khác,Mắt,TRUE,2026-04-30,2099-12-31,MOH-EYE-2026
H18.4,Phù giác mạc,Mắt,TRUE,2026-04-30,2099-12-31,MOH-EYE-2026
H20.0,Viêm mống mắt thể mi cấp,Mắt,TRUE,2026-04-30,2099-12-31,MOH-EYE-2026-OVERFLOW
H25.0,Đục nhân thể thủy tinh tuổi già,Mắt,TRUE,2026-04-30,2099-12-31,MOH-EYE-2026-OVERFLOW
H25.1,Đục vỏ thể thủy tinh tuổi già,Mắt,TRUE,2026-04-30,2099-12-31,MOH-EYE-2026-OVERFLOW
H26.0,Đục thể thủy tinh trẻ em/thiếu niên,Mắt,TRUE,2026-04-30,2099-12-31,MOH-EYE-2026-OVERFLOW
H26.9,Đục thể thủy tinh không xác định,Mắt,TRUE,2026-04-30,2099-12-31,MOH-EYE-2026-OVERFLOW
H40.0,Nghi ngờ glôcôm,Mắt,TRUE,2026-04-30,2099-12-31,MOH-EYE-2026-OVERFLOW
H40.1,Glôcôm góc mở nguyên phát,Mắt,TRUE,2026-04-30,2099-12-31,MOH-EYE-2026-OVERFLOW
H43.3,Đục dịch kính,Mắt,TRUE,2026-04-30,2099-12-31,MOH-EYE-2026-OVERFLOW
H53.1,Rối loạn thị giác chủ quan,Mắt,TRUE,2026-04-30,2099-12-31,MOH-EYE-2026-OVERFLOW
J06.0,Viêm thanh quản cấp,Nhi,TRUE,2026-04-30,2099-12-31,MOH-PED-2026
J21.9,Viêm tiểu phế quản cấp,Nhi,TRUE,2026-04-30,2099-12-31,MOH-PED-2026
J45.0,Hen phế quản chủ yếu dị ứng,Nhi,TRUE,2026-04-30,2099-12-31,MOH-PED-2026
K52.1,Viêm dạ dày ruột do thức ăn,Nhi,TRUE,2026-04-30,2099-12-31,MOH-PED-2026
K52.2,Viêm dạ dày ruột dị ứng,Nhi,TRUE,2026-04-30,2099-12-31,MOH-PED-2026
K52.8,Viêm dạ dày ruột không nhiễm trùng khác,Nhi,TRUE,2026-04-30,2099-12-31,MOH-PED-2026
K59.1,Tiêu chảy chức năng,Nhi,TRUE,2026-04-30,2099-12-31,MOH-PED-2026
A08.0,Viêm ruột do Rotavirus,Nhi,TRUE,2026-04-30,2099-12-31,MOH-PED-2026
A08.4,Nhiễm virus ruột khác,Nhi,TRUE,2026-04-30,2099-12-31,MOH-PED-2026
A09.0,Tiêu chảy nhiễm trùng khác,Nhi,TRUE,2026-04-30,2099-12-31,MOH-PED-2026
B08.4,Tay chân miệng,Nhi,TRUE,2026-04-30,2099-12-31,MOH-PED-2026
B01.9,Thủy đậu không biến chứng,Nhi,TRUE,2026-04-30,2099-12-31,MOH-PED-2026
B09,Ban virus không xác định,Nhi,TRUE,2026-04-30,2099-12-31,MOH-PED-2026
R56.0,Co giật do sốt,Nhi,TRUE,2026-04-30,2099-12-31,MOH-PED-2026
R11.0,Buồn nôn,Nhi,TRUE,2026-04-30,2099-12-31,MOH-PED-2026
L22,Viêm da tã lót,Nhi,TRUE,2026-04-30,2099-12-31,MOH-PED-2026
L30.4,Hăm kẽ,Nhi,TRUE,2026-04-30,2099-12-31,MOH-PED-2026
H66.0,Viêm tai giữa mủ cấp,Nhi,TRUE,2026-04-30,2099-12-31,MOH-PED-2026
H65.9,Viêm tai giữa thanh dịch,Nhi,TRUE,2026-04-30,2099-12-31,MOH-PED-2026
H10.4,Viêm kết mạc mạn,Nhi,TRUE,2026-04-30,2099-12-31,MOH-PED-2026
E86,Mất nước,Nhi,TRUE,2026-04-30,2099-12-31,MOH-PED-2026
E63.9,Thiếu dinh dưỡng không xác định,Nhi,TRUE,2026-04-30,2099-12-31,MOH-PED-2026
R62.8,Chậm phát triển khác,Nhi,TRUE,2026-04-30,2099-12-31,MOH-PED-2026-OVERFLOW
Z00.1,Khám sức khỏe định kỳ trẻ em,Nhi,TRUE,2026-04-30,2099-12-31,MOH-PED-2026-OVERFLOW
P07.3,Thai non tháng,Nhi,TRUE,2026-04-30,2099-12-31,MOH-PED-2026-OVERFLOW
P59.9,Vàng da sơ sinh không xác định,Nhi,TRUE,2026-04-30,2099-12-31,MOH-PED-2026-OVERFLOW
P78.3,Tiêu chảy sơ sinh không nhiễm trùng,Nhi,TRUE,2026-04-30,2099-12-31,MOH-PED-2026-OVERFLOW
P92.5,Khó bú sơ sinh,Nhi,TRUE,2026-04-30,2099-12-31,MOH-PED-2026-OVERFLOW
P92.8,Rối loạn ăn bú sơ sinh khác,Nhi,TRUE,2026-04-30,2099-12-31,MOH-PED-2026-OVERFLOW
Q21.1,Thông liên nhĩ,Nhi,TRUE,2026-04-30,2099-12-31,MOH-PED-2026-OVERFLOW
C16.9,Ung thư dạ dày,U tân sinh,TRUE,2026-04-30,2099-12-31,MOH-ONCO-2026
C18.7,Ung thư đại tràng sigma,U tân sinh,TRUE,2026-04-30,2099-12-31,MOH-ONCO-2026
C18.9,Ung thư đại tràng không xác định,U tân sinh,TRUE,2026-04-30,2099-12-31,MOH-ONCO-2026
C19,Ung thư chỗ nối trực tràng-sigma,U tân sinh,TRUE,2026-04-30,2099-12-31,MOH-ONCO-2026
C20,Ung thư trực tràng,U tân sinh,TRUE,2026-04-30,2099-12-31,MOH-ONCO-2026
C22.0,Ung thư biểu mô tế bào gan,U tân sinh,TRUE,2026-04-30,2099-12-31,MOH-ONCO-2026
C25.9,Ung thư tụy,U tân sinh,TRUE,2026-04-30,2099-12-31,MOH-ONCO-2026
C34.9,Ung thư phổi,U tân sinh,TRUE,2026-04-30,2099-12-31,MOH-ONCO-2026
C50.9,Ung thư vú,U tân sinh,TRUE,2026-04-30,2099-12-31,MOH-ONCO-2026
C53.9,Ung thư cổ tử cung,U tân sinh,TRUE,2026-04-30,2099-12-31,MOH-ONCO-2026
C54.1,Ung thư nội mạc tử cung,U tân sinh,TRUE,2026-04-30,2099-12-31,MOH-ONCO-2026
C56,Ung thư buồng trứng,U tân sinh,TRUE,2026-04-30,2099-12-31,MOH-ONCO-2026
C61,Ung thư tiền liệt tuyến,U tân sinh,TRUE,2026-04-30,2099-12-31,MOH-ONCO-2026
C64,Ung thư thận,U tân sinh,TRUE,2026-04-30,2099-12-31,MOH-ONCO-2026
C67.9,Ung thư bàng quang,U tân sinh,TRUE,2026-04-30,2099-12-31,MOH-ONCO-2026
C71.9,U não ác tính,U tân sinh,TRUE,2026-04-30,2099-12-31,MOH-ONCO-2026
C73,Ung thư tuyến giáp,U tân sinh,TRUE,2026-04-30,2099-12-31,MOH-ONCO-2026
C80.9,Ung thư không rõ nguyên phát,U tân sinh,TRUE,2026-04-30,2099-12-31,MOH-ONCO-2026
D00.0,Carcinoma in situ môi miệng họng,U tân sinh,TRUE,2026-04-30,2099-12-31,MOH-ONCO-2026
D05.1,Carcinoma in situ tuyến vú,U tân sinh,TRUE,2026-04-30,2099-12-31,MOH-ONCO-2026
D06.9,Carcinoma in situ cổ tử cung,U tân sinh,TRUE,2026-04-30,2099-12-31,MOH-ONCO-2026
D09.0,Carcinoma in situ bàng quang,U tân sinh,TRUE,2026-04-30,2099-12-31,MOH-ONCO-2026
D10.0,U lành tính môi,U tân sinh,TRUE,2026-04-30,2099-12-31,MOH-ONCO-2026
D12.6,U lành tính đại tràng,U tân sinh,TRUE,2026-04-30,2099-12-31,MOH-ONCO-2026
D17.0,U mỡ lành tính da đầu mặt cổ,U tân sinh,TRUE,2026-04-30,2099-12-31,MOH-ONCO-2026
D25.1,U xơ tử cung trong thành,U tân sinh,TRUE,2026-04-30,2099-12-31,MOH-ONCO-2026
D32.0,U màng não lành tính,U tân sinh,TRUE,2026-04-30,2099-12-31,MOH-ONCO-2026
D33.3,U lành tính dây thần kinh sọ,U tân sinh,TRUE,2026-04-30,2099-12-31,MOH-ONCO-2026
D34,U lành tính tuyến giáp,U tân sinh,TRUE,2026-04-30,2099-12-31,MOH-ONCO-2026
D35.2,U lành tính tuyến yên,U tân sinh,TRUE,2026-04-30,2099-12-31,MOH-ONCO-2026
