rule_code,rule_name,severity,applies_to_icd,applies_to_cls,applies_to_drug,condition_expression,warning_message,recommended_action,source_version,is_active,condition_type,condition_parameter
RISK001,Lặp lại HbA1c quá sớm,high,E11.9,CLS-XN-HBA1C,,repeat_within_90_days,HbA1c lặp lại trong khoảng quá ngắn có nguy cơ bị nghi ngờ hoặc xuất toán,Chỉ lặp lại khi có lý do lâm sàng rõ ràng và ghi chú giải trình,RULE-PILOT-2026.01,TRUE,REPEAT_INTERVAL_VIOLATION,90
RISK002,Chỉ định Creatinine không gần bối cảnh,medium,I10,CLS-XN-CREATININE,,cls_without_supported_context,Creatinine cần được gắn với theo dõi tăng huyết áp/đái tháo đường hoặc chức năng thận,Giải trình bối cảnh lâm sàng nếu chỉ định ngoài gợi ý thông thường,RULE-PILOT-2026.01,TRUE,MISSING_REQUIRED_EVIDENCE,cls_without_supported_context
RISK003,Statin cần liên kết nguy cơ tim mạch,low,E78.5,,MED-STATIN-ATORVASTATIN,drug_without_icd_support,Thuốc Statin nên có liên kết chẩn đoán rối loạn lipid hoặc nguy cơ tim mạch,Ghi nhận chẩn đoán liên quan hoặc nguy cơ tim mạch đồng mắc,RULE-PILOT-2026.01,TRUE,MISSING_REQUIRED_EVIDENCE,drug_without_icd_support
RISK004,Điện tâm đồ cần bối cảnh tim mạch,medium,R07.4,CLS-TDCN-ECG-12,,ecg_context_review,Điện tâm đồ ngoại trú nên có triệu chứng hoặc nguy cơ tim mạch phù hợp,Bổ sung triệu chứng hoặc lý do chỉ định trong ghi chú,RULE-PILOT-2026.01,TRUE,CUSTOM,ecg_context_review
RISK-ENT-001,Kháng sinh TMH cần xác định nhiễm khuẩn,medium,J02.9,,MED-ABX-AMOX-CLAV,drug_without_bacterial_evidence,Kháng sinh chỉ nên dùng khi có bằng chứng nhiễm khuẩn - viêm họng cấp thường do virus,Cân nhắc test Strep nhanh hoặc ghi nhận dấu hiệu nhiễm khuẩn,RULE-ENT-2026.01,TRUE,MISSING_REQUIRED_EVIDENCE,drug_without_bacterial_evidence
RISK-ENT-002,Oxymetazoline quá 5 ngày,high,J01.9,,MED-COMACH-OXYMETAZOLINE,duration_exceeds_5_days,Thuốc co mạch mũi tại chỗ chỉ dùng tối đa 5 ngày tránh viêm mũi do thuốc (rhinitis medicamentosa),Giới hạn đơn dưới 5 ngày và ghi chú cảnh báo bệnh nhân,RULE-ENT-2026.01,TRUE,MAX_DURATION_VIOLATION,duration_exceeds_5_days
RISK-ENT-003,Nội soi TMH cần bối cảnh phù hợp,low,,CLS-TDCN-NOI-SOI-TMH,,cls_without_ent_diagnosis,Nội soi TMH nên có chẩn đoán TMH phù hợp đi kèm,Bổ sung chẩn đoán ICD ngành TMH vào hồ sơ,RULE-ENT-2026.01,TRUE,MISSING_REQUIRED_EVIDENCE,cls_without_ent_diagnosis
RISK-RHM-001,Kháng sinh RHM cần xác định nhiễm trùng,medium,K02.1,,MED-ABX-AMOXICILLIN,drug_without_infection_sign,Sâu răng đơn thuần không cần kháng sinh - chỉ định khi có nhiễm trùng,Chỉ kê kháng sinh khi có sưng nóng đỏ hoặc áp-xe,RULE-RHM-2026.01,TRUE,MISSING_REQUIRED_EVIDENCE,drug_without_infection_sign
RISK-RHM-002,NSAID cẩn thận bệnh nhân có tiền sử dạ dày,medium,,,MED-NSAID-IBUPROFEN,nsaid_gastric_risk,NSAID có nguy cơ tổn thương dạ dày - cần hỏi tiền sử trước khi kê,Cân nhắc Paracetamol thay thế hoặc phối hợp bảo vệ dạ dày,RULE-RHM-2026.01,TRUE,CUSTOM,nsaid_gastric_risk
RISK-RHM-003,Panorama cần bối cảnh phục hình hoặc phẫu thuật,low,,CLS-CDHA-XQUANG-PANORAMA,,cls_without_surgical_context,X-quang toàn cảnh chỉ nên chỉ định khi cần đánh giá tổng thể hoặc phục hình,Ghi rõ lý do chỉ định Panorama trong hồ sơ,RULE-RHM-2026.01,TRUE,MISSING_REQUIRED_EVIDENCE,cls_without_surgical_context
RISK-MSK-001,Tiêm nội khớp cần chứng cứ,medium,M17.9,,MED-CORT-METHYLPRED-ACETATE,injection_without_imaging,Tiêm corticoid cần có siêu âm đánh giá viêm tràn dịch trước đó,Bổ sung chỉ định siêu âm khớp trước khi tiêm,RULE-MSK-2026.01,TRUE,MISSING_REQUIRED_EVIDENCE,injection_without_imaging
RISK-MSK-002,Khoảng cách tiêm nội khớp,high,,,MED-CORT-METHYLPRED-ACETATE,repeated_injection_too_soon,Cùng một khớp không lặp lại tiêm dưới 3 tháng để tránh hỏng sụn,Ghi lại thời điểm tiêm mũi trước trong hồ sơ,RULE-MSK-2026.01,TRUE,CUSTOM,repeated_injection_too_soon
RISK-MSK-003,Allopurinol cơn gút cấp,medium,M10.9,,MED-GOUT-ALLOPURINOL,allopurinol_in_acute_attack,Tránh khởi đầu Allopurinol lúc đang viêm cấp,Giải trình nếu là bệnh nhân đang dùng duy trì,RULE-MSK-2026.01,TRUE,CUSTOM,allopurinol_in_acute_attack
RISK-CARDIO-01,Chỉ định Troponin cấp cứu,high,,CLS-XN-TROPONIN,,troponin_without_angina,Không nên chỉ định thường quy tại phòng khám nếu không nghi ngờ hội chứng vành cấp,Giải thích lý do nguy cơ vành,RULE-CARDIO-2026.01,TRUE,MISSING_REQUIRED_EVIDENCE,troponin_without_angina
RISK-CARDIO-02,Sử dụng kháng đông rung nhĩ,medium,I48.9,,MED-ANTICOA-RIVAROXABAN,doac_without_score,Chỉ định Rivaroxaban cần ghi nhận điểm CHA2DS2-VASc,Ghi chú thang điểm vào hồ sơ,RULE-CARDIO-2026.01,TRUE,MISSING_REQUIRED_EVIDENCE,doac_without_score
RISK-CARDIO-03,Holter ECG vs ECG thường,low,,CLS-TDCN-HOLTER-ECG,,holter_and_ecg_same_day,Tránh chỉ định đồng thời tại cùng thời điểm nếu không có giải trình rõ,Giảm trừ nếu bảo hiểm xuất toán,RULE-CARDIO-2026.01,TRUE,CUSTOM,holter_and_ecg_same_day
RISK-GI-01,Chống xuất toán Nội soi Tiêu hóa,high,,CLS-TDCN-NOI-SOI-DD,,,Cần ghi rõ biểu hiện báo động hoặc không đáp ứng điều trị thuốc đối với Nội soi lần đầu trong thời gian ngắn,Bổ sung triệu chứng đau kháng trị,RULE-GAS-2026.01,TRUE,CUSTOM,manual_review
RISK-GI-02,PPI kéo dài,medium,,,MED-PPI-ESOMEPRAZOLE,prolonged_ppi,Việc kê đơn PPI liên tục trên 8 tuần cần cân nhắc nội soi đánh giá lại để xem có kháng trị không,Cân nhắc hạ liều hoặc cho nội soi tiêu hóa thay vì chỉ lấy thuốc,RULE-GAS-2026.01,TRUE,MAX_DURATION_VIOLATION,prolonged_ppi
RISK-GI-03,Bệnh trĩ tầm soát K,low,K64.9,,,,age_over_50,Bệnh lý Trĩ ở bệnh nhân trên 50 tuổi nên khuyến cáo thêm kỹ thuật Nội soi Đại trực tràng để tầm soát K,Chỉ là khuyến cáo tư vấn bệnh nhân không ép buộc,RULE-GAS-2026.01,CUSTOM,manual_review
RISK-NEURO-01,Lạm dụng Đo điện cơ,medium,,CLS-TDCN-DIEN-CO,,,repeated_emg_under_3_months,Tránh chỉ định lặp lại Đo điện cơ dưới 3 tháng trừ diễn tiến cấp tính,Kiểm tra kết quả lần trước và ghi chú bệnh sử rõ ràng,RULE-NEURO-2026.01,CUSTOM,manual_review
RISK-NEURO-02,Trùng lặp Gabapentin Pregabalin,high,,,MED-NEURO-PREGABALIN,concurrent_gabapentin_pregabalin,Không nên kết hợp Gabapentin và Pregabalin tránh tăng độc tính thần kinh trung ương và bị xuất toán,Chỉ chọn một trong hai thuốc,RULE-NEURO-2026.01,TRUE,CUSTOM,concurrent_gabapentin_pregabalin
RISK-NEURO-03,Chỉ định Vitamin B12 sai bối cảnh,medium,,CLS-XN-VIT-B12,,,vitb12_without_neuropathy_or_anemia,Xét nghiệm Vitamin B12 trên bệnh lý ngoại biên không do dinh dưỡng/chuyển hóa dễ bị từ chối,Cần ghi kèm theo dõi do Metformin hoặc thiếu hụt dinh dưỡng,RULE-NEURO-2026.01,CUSTOM,manual_review
RISK-OBGYN-01,Chống chỉ định đặt vòng,high,Z30.1,,,concurrent_n76_0,Chống chỉ định thực hiện thủ thuật đặt dụng cụ tử cung khi bệnh nhân đang có viêm nhiễm cấp tính đường sinh dục,Xem kết quả soi tươi dịch âm đạo và điều trị dứt điểm viêm âm đạo trước khi thực hiện,RULE-OBGYN-2026.01,TRUE,CUSTOM,concurrent_n76_0
RISK-OBGYN-02,Lạm dụng siêu âm màu thai 4D sớm,medium,Z34.9,CLS-CDHA-SA-THAI,,early_4d_ultrasound,Tránh lạm dụng siêu âm màu 4D cho những lần khám thai định kỳ dưới 12 tuần,Ghi chú tuần thai rõ ràng,RULE-OBGYN-2026.01,TRUE,CUSTOM,early_4d_ultrasound
RISK-OBGYN-03,Sử dụng Beta-hCG hợp lý,medium,Z32.1,CLS-XN-BETA-HCG,,unjustified_beta_hcg,Chỉ định Beta-HCG định tính thay vì định lượng khi siêu âm đã rõ ràng,Xem xét kỹ hình ảnh siêu âm 2D trước khi kê định lượng Beta-hCG hoặc tái khám,RULE-OBGYN-2026.01,TRUE,CUSTOM,unjustified_beta_hcg
RISK-EYE-01,Lạm dụng Đo thị trường,medium,H10.9,CLS-TDCN-THI-TRUONG,,unjustified_perimetry,Không chỉ định Đo thị trường cho các bệnh viêm nhiễm phần trước của mắt như Viêm kết mạc nếu không nghi ngờ Glôcôm,Chuyển sang đo thị lực khách quan,RULE-EYE-2026.01,TRUE,CUSTOM,unjustified_perimetry
RISK-EYE-02,Chỉ định thuốc Timolol sai bệnh,high,,,MED-EYE-TIMOLOL,timolol_without_glaucoma,Việc dùng thuốc hạ nhãn áp bắt buộc phải có mã ICD về Glôcôm hoặc kết quả đo nhãn áp > 21mmHg,Đo nhãn áp bổ sung trước khi cấp thuốc,RULE-EYE-2026.01,TRUE,MISSING_REQUIRED_EVIDENCE,timolol_without_glaucoma
RISK-EYE-03,Chỉ định bản đồ giác mạc,medium,H52.1,CLS-TDCN-BAN-DO-GM,,topography_without_astigmatism,Đo bản đồ giác mạc ưu tiên cho bệnh nhân loạn thị (H52.2) hoặc chuẩn bị phẫu thuật,giải trình cho các ca cận thị thường,Chỉ định linh hoạt chỉ khi chênh lệch khúc xạ đột ngột,RULE-EYE-2026.01,MISSING_REQUIRED_EVIDENCE,topography_without_astigmatism
RISK-EYE-04,Tập nhược thị người lớn,low,H53.0,TT-TAP-NHUOC-THI,,amblyopia_training_adult,Tập nhược thị có kết quả thấp ở độ tuổi trên 12,Yêu cầu có giải trình BHYT rõ ràng mục tiêu hồi phục,RULE-EYE-2026.01,TRUE,CUSTOM,amblyopia_training_adult
RISK-PED-H-01,Thuốc nhóm H - Valproate cần duyệt,high,G40.9,,MED-PED-H-VALPROATE,group_h_no_approval,Thuốc chống co giật Valproate thuộc nhóm H phải có biên bản hội chẩn hoặc phê duyệt của Trưởng khoa. BHYT từ chối nếu thiếu.,Bổ sung biên bản hội chẩn hoặc phiếu duyệt thuốc nhóm H,RULE-PED-H-2026.01,TRUE,CUSTOM,group_h_no_approval
RISK-PED-H-02,Thuốc nhóm H - Methylphenidate cần duyệt,high,F84.0,,MED-PED-H-METHYLPHENIDATE,group_h_no_approval,Thuốc kích thích TK trung ương yêu cầu chẩn đoán xác định F84/F70 và phê duyệt Hội đồng Thuốc,Yêu cầu biên bản HĐ Thuốc và chẩn đoán rõ ràng,RULE-PED-H-2026.01,TRUE,CUSTOM,group_h_no_approval
RISK-PED-H-03,Thuốc nhóm H - Risperidone cần duyệt,high,F84.0,,MED-PED-H-RISPERIDONE,group_h_no_approval,Thuốc an thần kinh trẻ em bắt buộc có biên bản duyệt đặc biệt kèm chẩn đoán F84.0,Bổ sung phiếu duyệt thuốc nhóm H vào hồ sơ BHYT,RULE-PED-H-2026.01,TRUE,CUSTOM,group_h_no_approval
RISK-PED-04,Kháng sinh viêm hô hấp trên Nhi,medium,J06.9,,MED-PED-AMOXICILLIN,abx_without_bacterial_evidence,Viêm hô hấp trên (J06.9) đa phần do virus - cảnh báo kê kháng sinh khi không có bằng chứng bội nhiễm,Ghi nhận dấu hiệu của bội nhiễm vi khuẩn,RULE-PED-2026.01,TRUE,MISSING_REQUIRED_EVIDENCE,abx_without_bacterial_evidence
RISK-PED-05,EEG không đúng bối cảnh,medium,,CLS-TDCN-EEG,,eeg_without_seizure,Điện não đồ chỉ nên chỉ định khi có chẩn đoán Động kinh (G40.x) hoặc co giật lâm sàng rõ ràng,Bổ sung ICD G40.x hoặc mô tả co giật,RULE-PED-2026.01,TRUE,MISSING_REQUIRED_EVIDENCE,eeg_without_seizure
RISK-MSK-04,NSAID kéo dài cần đánh giá thận,medium,M15.9,,MED-NSAID-IBUPROFEN,nsaid_prolonged_renal_risk,NSAID kéo dài trên 2 tuần cần đánh giá Creatinine/eGFR — đặc biệt ở người cao tuổi hoặc có bệnh thận nền (ACR 2012),Bổ sung xét nghiệm Creatinine theo dõi chức năng thận trước khi tái kê,RULE-MSK-2026.01,TRUE,MAX_DURATION_VIOLATION,nsaid_prolonged_renal_risk
RISK-GI-04,PPI quá 8 tuần cần nội soi đánh giá,medium,K21.9,,MED-PPI-ESOMEPRAZOLE,ppi_over_8_weeks_without_endoscopy,PPI liên tục trên 8 tuần mà chưa nội soi — cần đánh giá lại bằng nội soi thực quản dạ dày (ACG 2022),Chỉ định nội soi dạ dày hoặc hạ liều PPI từng bước,RULE-GAS-2026.01,TRUE,MISSING_REQUIRED_EVIDENCE,ppi_over_8_weeks_without_endoscopy
RISK-GI-05,Sỏi mật lớn cần chuyển ngoại khoa,medium,K80.2,,,gallstone_large_surgical,Sỏi túi mật >2cm hoặc có triệu chứng đau quặn mật tái phát — cần hội chẩn ngoại khoa cân nhắc cắt túi mật nội soi (EASL 2016),Ghi nhận kích thước sỏi trên siêu âm và chuyển khám ngoại khoa,RULE-GAS-2026.01,TRUE,CUSTOM,gallstone_large_surgical
RISK-EYE-05,Đục TTT cần SA sinh trắc trước PT,high,H25.9,CLS-TDCN-SINH-TRAC-NC,,cataract_without_biometry,Phẫu thuật đục thủy tinh thể (Phaco) bắt buộc phải có kết quả siêu âm sinh trắc nhãn cầu để tính công suất IOL (AAO PPP 2021),Bổ sung chỉ định SA sinh trắc nhãn cầu vào hồ sơ trước PT,RULE-EYE-2026.01,TRUE,MISSING_REQUIRED_EVIDENCE,cataract_without_biometry
RISK-NEURO-04,Hội chứng ống cổ tay cần EMG xác nhận,medium,G56.0,CLS-TDCN-DIEN-CO,,cts_without_emg,Chẩn đoán xác định hội chứng ống cổ tay cần có kết quả EMG/NCS — BHXH có thể từ chối can thiệp nếu thiếu (AAN 2019),Bổ sung kết quả EMG/NCS trước khi chỉ định phẫu thuật hoặc tiêm,RULE-NEURO-2026.01,TRUE,MISSING_REQUIRED_EVIDENCE,cts_without_emg
RISK-OBGYN-04,KS viêm âm đạo cần soi tươi xác nhận,medium,N76.0,,MED-OBGYN-METRO-NEO,abx_without_culture,Kháng sinh viêm âm đạo cần có kết quả soi tươi dịch ÂĐ xác nhận tác nhân — tránh kê kháng sinh xoàng,Bổ sung kết quả soi tươi vào hồ sơ trước khi kê thuốc,RULE-OBGYN-2026.01,TRUE,MISSING_REQUIRED_EVIDENCE,abx_without_culture
RISK-OBGYN-05,Nang buồng trứng lớn cần theo dõi sát,medium,N83.2,CLS-CDHA-SA-PHU-KHOA,,ovarian_cyst_large,Nang buồng trứng >5cm hoặc có thành phần hỗn hợp cần siêu âm theo dõi sát (3 tháng) và cân nhắc phẫu thuật nếu không thoái triển (ACOG 2023),Ghi nhận kích thước nang và lên lịch siêu âm theo dõi,RULE-OBGYN-2026.01,TRUE,CUSTOM,ovarian_cyst_large
RISK-PED-06,KS hô hấp Nhi cần bằng chứng VK,medium,J06.9,,MED-PED-AMOXICILLIN,abx_urti_without_bacterial,Viêm hô hấp trên cấp (J06.9) và viêm phế quản cấp (J20.9) đa phần do virus — kháng sinh chỉ khi có bằng chứng bội nhiễm (sốt >39°C kéo dài >3 ngày mủ mũi) (AAP 2023),Ghi nhận dấu hiệu bội nhiễm cụ thể trong hồ sơ,RULE-PED-2026.01,TRUE,MISSING_REQUIRED_EVIDENCE,abx_urti_without_bacterial
RISK-CKD-01,CKD cần theo dõi eGFR định kỳ,medium,N18.1,CLS-XN-CREATININE,,ckd_egfr_monitoring,Bệnh thận mạn giai đoạn 1 cần theo dõi eGFR mỗi 3 tháng để phát hiện sớm tiến triển (KDIGO 2024),Kiểm tra xét nghiệm Creatinine lần gần nhất và đặt lịch XN định kỳ,RULE-IM-2026.01,TRUE,CUSTOM,ckd_egfr_monitoring
RISK-CARDIO-04,Suy tim cần NT-proBNP theo dõi,medium,I50.9,CLS-XN-NT-PROBNP,,hf_without_biomarker,Suy tim mạn cần theo dõi NT-proBNP mỗi đợt tái khám để đánh giá đáp ứng điều trị và phát hiện đợt mất bù (ESC 2021),Bổ sung XN NT-proBNP vào chỉ định tái khám,RULE-CARDIO-2026.01,TRUE,MISSING_REQUIRED_EVIDENCE,hf_without_biomarker
RISK-METABOLIC-01,Cảnh báo dùng Colchicine cho Axit Uric máu vô căn,high,E79.0,,MED-GOUT-COLCHICINE,colchicine_for_asymptomatic_hyperuricemia,BHYT từ chối thanh toán Colchicine (thuốc gút cấp) nếu chẩn đoán chỉ là Tăng acid uric máu E79.0 mà không có viêm khớp Gout M10.,Không kê Colchicine hoặc chuyển chẩn đoán sang Gout nếu có viêm cấp,RULE-ENDOC-2026.01,TRUE,CUSTOM,colchicine_for_asymptomatic_hyperuricemia
RISK-METABOLIC-02,Orlistat không được BHYT chi trả,high,E66.9,,MED-OBES-ORLISTAT,orlistat_not_covered_bhyt,Thuốc giảm cân Orlistat không nằm trong danh mục BHYT chi trả. Cần thông báo bệnh nhân tự chi trả ngoài.,Chuyển sang kê đơn thu phí hoặc in đơn riêng cho bệnh nhân tự mua,RULE-ENDOC-2026.01,TRUE,CUSTOM,orlistat_not_covered_bhyt
RISK-METABOLIC-03,Lặp lại Axit Uric quá sớm,medium,,CLS-XN-AXIT-URIC,,repeated_uric_acid_under_1_month,BHYT từ chối thanh toán XN Axit Uric lặp lại nguyên nhân ngoại trú dưới 1 tháng nếu không phải đợt cấp,Hủy XN nếu chưa đủ 1 tháng hoặc ghi chú giải trình lâm sàng,RULE-ENDOC-2026.01,TRUE,CUSTOM,repeated_uric_acid_under_1_month
RISK-NEURO-05,MRI sọ não không cần thiết,high,G43.9,CLS-CDHA-MRI-SO-NAO,,unjustified_mri_for_headache,Lạm dụng MRI cho đau đầu căng thẳng hoặc Migraine thường bị cảnh báo nếu không có dấu hiệu thần kinh khu trú (Red flags).,Khuyến nghị làm ngoài BHYT hoặc bổ sung dấu hiệu cảnh báo vào hồ sơ khám.,RULE-NEURO-2026.01,TRUE,CUSTOM,unjustified_mri_for_headache
RISK-NEURO-06,Levodopa sai chỉ định,high,,,MED-NEURO-LEVODOPA,levodopa_without_parkinson,Thuốc đặc trị Parkinson (Levodopa) bị xuất toán nếu chẩn đoán không phải là G20 (Bệnh Parkinson).,Đảm bảo thêm mã ICD G20 nếu kê đơn Levodopa.,RULE-NEURO-2026.01,TRUE,MISSING_REQUIRED_EVIDENCE,levodopa_without_parkinson
RISK-NEURO-07,Lạm dụng Citicoline,medium,,,MED-NEURO-CITICOLINE,citicoline_misuse,Citicoline thường dễ bị xuất toán nếu chỉ định cho đau đầu/chóng mặt đơn thuần thay vì di chứng nhồi máu (I69.4),Hạn chế kê kéo dài hoặc bổ sung chẩn đoán đột quỵ vào hồ sơ.,RULE-NEURO-2026.01,TRUE,CUSTOM,citicoline_misuse
RISK-INF-01,Lạm dụng test Dengue sai thời điểm,medium,A97.0,CLS-XN-DENGUE-NS1,,dengue_ns1_late_stage,Test NS1 chỉ nhạy trong 1-3 ngày đầu của sốt Dengue. Làm trễ có thể bị từ chối thanh toán vì âm tính giả cao.,Ghi chú ngày khởi phát sốt vào y lệnh.,RULE-INF-2026.01,TRUE,CUSTOM,dengue_ns1_late_stage
RISK-RESP-01,Chẩn đoán COPD không có hô hấp ký,high,J44.9,,MED-RESP-TIOTROPIUM,copd_drugs_without_spirometry,BHYT nghiêm ngặt từ chối thanh toán các thuốc khí dung COPD đắt tiền (Tiotropium ICS/LABA) nếu chưa từng có bằng chứng đo Hô hấp ký (FEV1/FVC < 70%).,Bổ sung giấy Hô hấp ký vào hồ sơ ngoại trú trước khi kê đơn duy trì.,RULE-RESP-2026.01,TRUE,MISSING_REQUIRED_EVIDENCE,copd_drugs_without_spirometry
RISK-INF-02,Cấp Tenofovir không đủ tiêu chuẩn,high,B18.1,,MED-INF-TENOFOVIR,tenofovir_without_hbv_dna_ast,Thuốc kháng virus Viêm gan B bị xuất toán nếu hồ sơ không có xét nghiệm tải lượng virus (HBV-DNA) hoặc Men gan (AST/ALT) chứng minh virus đang hoạt động nhân lên.,Kiểm tra điều kiện cấp thuốc BHYT theo QĐ 3310/QĐ-BYT.,RULE-INF-2026.01,TRUE,MISSING_REQUIRED_EVIDENCE,tenofovir_without_hbv_dna_ast
RISK-URO-01,Lạm dụng Quinolone viêm bàng quang đơn thuần,medium,N39.0,,MED-URO-CIPROFLOXACIN,quinolone_for_uncomplicated_uti,Quinolone không nên dùng làm lựa chọn đầu tay cho Viêm bàng quang cấp chưa biến chứng do nguy cơ kháng thuốc (FDA warning).,Ưu tiên Fosfomycin hoặc Nitrofurantoin.,RULE-URO-2026.01,TRUE,CUSTOM,quinolone_for_uncomplicated_uti
RISK-URO-02,Tamsulosin chưa có siêu âm,high,N40,,MED-URO-TAMSULOSIN,tamsulosin_without_us,Thuốc Tamsulosin không được BHYT chấp thuận nếu hồ sơ không có Siêu âm xác định thể tích Tiền liệt tuyến tăng.,Chỉ định Siêu âm hệ tiết niệu bắt buộc trước khi kê thuốc.,RULE-URO-2026.01,TRUE,MISSING_REQUIRED_EVIDENCE,tamsulosin_without_us
RISK-MSK-05,Bisphosphonate thiếu DEXA,high,M81.9,,MED-MSK-ALENDRONATE,alendronate_without_dexa,Thuốc loãng xương đắt tiền (Alendronate) BẮT BUỘC phải có kết quả Dexa T-score <= -2.5. BHYT từ chối thanh toán nếu chỉ làm X-Quang.,Chỉ định phép đo DEXA trước khi kê toa Bisphosphonate.,RULE-MSK-2026.01,TRUE,MISSING_REQUIRED_EVIDENCE,alendronate_without_dexa
RISK-MSK-06,Lạm dụng MRI cột sống,medium,M54.5,CLS-CDHA-MRI-CS,,mri_spine_without_red_flags,MRI cột sống thắt lưng không dùng thường quy cho đau thắt lưng cơ học dưới 4 tuần nếu không nghi ngờ u sỏi chèn ép rễ.,Chỉ định khám chụp X-Quang và duy trì nội khoa trước. Hoặc cho bệnh nhân làm ngoài BHYT mạnh dạn.,RULE-MSK-2026.01,TRUE,MISSING_REQUIRED_EVIDENCE,mri_spine_without_red_flags
RISK-DERM-01,Thuốc Zona kê quá muộn,medium,B02.9,,MED-DERM-ACYCLOVIR,acyclovir_late_prescription,Acyclovir đường uống ít có tác dụng nếu phát ban Zona đã qua 72h trừ các trường hợp bệnh nhân suy giảm miễn dịch hoặc có biến chứng nặng.,Chỉ định thận trọng nếu đánh giá thời gian phát ban lâu.,RULE-DERM-2026.01,TRUE,CUSTOM,acyclovir_late_prescription
RISK-DERM-02,Lạm dụng xét nghiệm IgE,high,L50.9,CLS-XN-IGE-DAC-HIEU,,allergy_ige_unjustified,Xét nghiệm IgE dị ứng nguyên không được chi trả BHYT làm thường quy cho đợt mề đay cấp hoặc viêm da dị ứng chưa kháng trị.,Nên áp dụng thanh toán ngoài BHYT để tránh xuất toán.,RULE-DERM-2026.01,TRUE,CUSTOM,allergy_ige_unjustified
RISK-PSYCH-01,Lạm dụng Diazepam ngoại trú,high,G47.0,,MED-PSYCH-DIAZEPAM,diazepam_over_prescription,Thuốc hướng thần nhóm Benzodiazepine (Diazepam) bắt buộc ghi chỉ định chẩn đoán Lo âu hoặc Mất ngủ nặng. Nếu cấp quá 10 ngày cho ngoại trú cơ bản sẽ bị BHYT giữ lại.,Tối ưu dùng Rotunda hoặc hội chẩn tâm thần nếu cần kéo dài.,RULE-PSYCH-2026.01,TRUE,CUSTOM,diazepam_over_prescription
INTERACT-001,Tương tác Tăng huyết áp - Gout,medium,I10|M10.9|E79.0,,MED-HTN-HCTZ,interaction_htn_gout_thiazide,Bệnh nhân có Tăng huyết áp kèm Gout/Axit Uric cao: Thận trọng thuốc lợi tiểu Thiazide vì làm tăng acid uric máu.,Gợi ý chuyển sang Losartan (vừa hạ HA vừa tăng đào thải uric).,RULE-INTERACT-2026.01,TRUE,CUSTOM,interaction_htn_gout_thiazide
INTERACT-002,Tương tác COPD - Tim mạch,high,J44.9|I10|I50.9,,MED-BB-PROPRANOLOL,interaction_copd_nonselective_bb,Bệnh nhân mắc bệnh hô hấp tắc nghẽn (COPD/Hen) cần tránh tuyệt đối chẹn Beta không chọn lọc (Propranolol) do rủi ro co thắt phế quản cấp.,Ưu tiên bắt buộc dùng nhóm chọn lọc tim (Cardioselective) như Bisoprolol liều thấp.,RULE-INTERACT-2026.01,TRUE,CUSTOM,interaction_copd_nonselective_bb
INTERACT-003,Tương tác Dạ dày - Xương khớp,medium,K21.9|K29.5|M15.9|M54.5,,MED-NSAID-IBUPROFEN|MED-NSAID-MELOXICAM,interaction_gi_nsaid,Bệnh nhân bệnh lý cơ xương khớp có viêm loét dạ dày: Dùng NSAID kinh điển chẹn COX không chọn lọc nguy cơ bùng phát loét/xuất huyết.,Kết hợp chặt chẽ với PPI hoặc thay thế bằng vòng Celecoxib.,RULE-INTERACT-2026.01,TRUE,CUSTOM,interaction_gi_nsaid
INTERACT-004,Chỉ định tối ưu ĐTĐ kèm Suy tim,low,E11.9|I50.9,,MED-DM-DAPAGLIFLOZIN,interaction_dm_hf_sglt2,Bệnh nhân Tiểu đường type 2 kèm Suy tim: Guideline ưu tiên nhóm SGLT-2 inhibitor để bảo vệ biến cố suy tim nhập viện.,Gợi ý chỉ định nhóm SGLT-2i (như Dapagliflozin) là chỉ định Class I.,RULE-INTERACT-2026.01,TRUE,CUSTOM,interaction_dm_hf_sglt2
INTERACT-005,Tương tác Phì đại TTL - Tăng huyết áp,high,I10|N40,,MED-URO-TAMSULOSIN,interaction_htn_bph_tamsulosin,Dùng Tamsulosin kết hợp thuốc hạ HA ở người lớn tuổi làm hiệp đồng tăng nguy cơ hạ HA tư thế và té ngã nghiêm trọng.,Dặn dò uống Tamsulosin trước ngủ và cảnh giác khi đổi tư thế đột ngột từ nằm sang đứng.,RULE-INTERACT-2026.01,TRUE,CUSTOM,interaction_htn_bph_tamsulosin
RISK-OBGYN-06,Bệnh Rong kinh cần xác nhận loại trừ thai,high,N92.0,,,Phụ nữ tuổi sinh sản khi chẩn đoán Rong kinh / Xuất huyết bất thường (N92.0) cần làm xét nghiệm Beta-hCG để loại trừ thai ngoài tử cung hoặc doạ sảy thai.,Chỉ định Xét nghiệm Beta-hCG định lượng hoặc thử thai nhanh (nếu chưa có).,,MISSING_REQUIRED_EVIDENCE,CLS-XN-BETA-HCG,TRUE,manual_review
RISK-OBGYN-07,Siêu âm tầm soát U Xơ tử cung,medium,D25.9,,,Bệnh nhân có theo dõi U xơ tử cung cần chỉ định siêu âm tử cung - phần phụ tối thiểu mỗi 6 tháng để theo dõi tốc độ phát triển kích thước khối u.,Chỉ định siêu âm phụ khoa nếu kết quả gần nhất > 6 tháng.,,REPEAT_INTERVAL_VIOLATION,180,TRUE,manual_review
RISK-CARDIO-05,Chỉ định siêu âm mạch máu (Doppler) quá sớm,medium,,CLS-CDHA-DOPPLER-CHI|CLS-CDHA-DOPPLER-CANH,,Việc theo dõi siêu âm mảng xơ vữa hoặc giãn tĩnh mạch không nên lặp lại dưới 6-12 tháng vì bệnh mạn tính không thay đổi nhiều nếu không có biến cố cấp tính.,Từ chối chỉ định hoặc ghi rõ lý do cấp tính trên hồ sơ.,,REPEAT_INTERVAL_VIOLATION,180,TRUE,manual_review
RISK-CARDIO-06,Aspirin cho bệnh nhân tiền sử Dạ dày,high,K29.5|K21.9|K25.9|K26.9,,MED-CARDIO-ASPIRIN,Aspirin 81mg kéo dài cho tuyến dự phòng tim mạch có nguy cơ gây tái xuất huyết hoặc viêm loét dạ dày cho bệnh nhân đang mang mã ICD K2X.,Bắt buộc bổ sung Nhóm PPI (Esomeprazole) để dự phòng xuất huyết tiêu hóa nếu kê chung.,,INTERACTION_WARNING,MED-PPI,TRUE,manual_review
RISK-CARDIO-07,Chẹn Beta (Bisoprolol) ở bệnh nhân Hô hấp,high,J44.9|J45.9,,MED-BB-BISOPROLOL,Thận trọng dùng Chẹn Beta cho bệnh nhân COPD/En suyễn do nguy cơ co thắt phế quản hồi ứng gây khó thở cấp.,Ưu tiên kiểm soát nhịp tim bằng nhóm CCB hoặc liều tối thiểu an toàn dưới sự giám sát chặt.,,INTERACTION_WARNING,J4X,TRUE,manual_review
RISK-ENDOC-04,Giám sát an toàn thuốc Kháng Giáp,high,E05.9,,MED-ENDOC-THIAMAZOLE,Thuốc Thiamazole có rủi ro hiếm gặp gây giảm bạch cầu hạt hoặc suy gan. Khi kê kéo dài bắt buộc phải có xét nghiệm ALT/AST hoặc Công thức máu để định kỳ rà soát.,Chỉ định xét nghiệm Máu rà soát chức năng gan.,,MISSING_REQUIRED_EVIDENCE,CLS-XN-AST-ALT,TRUE,manual_review
RISK-ENDOC-05,Siêu âm tuyến giáp lạm dụng thường quy,medium,E04.9|E05.9|E03.9,CLS-CDHA-SA-TUYEN-GIAP,,Siêu âm tuyến giáp không mang dấu hiệu tiến triển ác tính (TIRADS thấp) chỉ nên lặp lại tối thiểu mỗi 6 tháng (180 ngày). Việc siêu âm liên tục mỗi tháng tại PK sẽ bị xuất toán.,Từ chối chỉ định hoặc ghi rõ yếu tố nghi ngờ tiến triển.,,REPEAT_INTERVAL_VIOLATION,180,TRUE,manual_review
RISK-ENDOC-06,Levothyroxine không có test TSH,high,E03.9,,MED-ENDOC-LEVOTHYROXINE,"Kê đơn hormone giáp quá liều gây cường giáp thứ phát chuyển dòng, vì thế bắt buộc có xét nghiệm TSH đi kèm để chỉnh liều ngoại trú.",Bổ sung xét nghiệm TSH.,,MISSING_REQUIRED_EVIDENCE,CLS-XN-TSH,TRUE,manual_review
RISK-BREAST-01,Siêu âm tuyến vú lặp lại quá mức,medium,N60.9|D24,CLS-CDHA-SA-TUYEN-VU,,Việc siêu âm theo dõi mảng thay đổi sợi bọc (N60.9) hoặc u xơ lành tính (D24) thuộc BIRADS 1-2 chỉ nên thực hiện tần suất 6 tháng (180 ngày). Nếu dưới mức này BHYT sẽ soi xuất toán.,"Từ chối chỉ định bằng BHYT, tư vấn chuyển bệnh nhân sang gói thu phí dịch vụ tự trả nếu kiên quyết làm sớm.",,REPEAT_INTERVAL_VIOLATION,180,TRUE,manual_review
RISK-BREAST-02,Lạm dụng chụp Nhũ ảnh,high,N60.9|D24|N63,CLS-CDHA-XQUANG-VU,,"Chụp X-quang tuyến vú có sử dụng tia bức xạ, chống chỉ định lặp lại dưới 1 năm. Việc chỉ định lạm dụng gây nhiễm xạ cho bệnh nhân và lãng phí BHYT.",Xóa chỉ định X-quang vú. Nếu cần chẩn đoán sớm hãy chuyển sang Siêu âm.,,REPEAT_INTERVAL_VIOLATION,365,TRUE,manual_review
RISK-BREAST-03,Chọc hút FNA chưa đủ dữ liệu siêu âm,high,N63|D24,CLS-TDCN-FNA-VU,,Chọc hút tế bào cắm kim sâu chỉ được làm với u đặc có kích thước xác định hoặc BIRADS > 3 trên siêu âm. Làm FNA mù khơi mà không có căn cứ siêu âm sẽ bị từ chối thanh toán.,Bắt buộc hoàn tất chỉ định CLS Siêu âm vú trước khi can thiệp FNA.,,MISSING_REQUIRED_EVIDENCE,CLS-CDHA-SA-TUYEN-VU,TRUE,manual_review
RISK-GLOBAL-01,Cấm lạm dụng CLS Cận lâm sàng để Tầm soát,high,,CLS-CDHA-MRI-SO-NAO|CLS-CDHA-CT-SO-NAO|CLS-XN-TROPONIN|CLS-CDHA-MRI-CS|CLS-TDCN-NOI-SOI-DD|CLS-TDCN-NOI-SOI-DT,,"Tuyệt đối không sử dụng các kỹ thuật đắt tiền hoặc xâm lấn (Nội soi, MRI, CT) để tầm soát diện rộng (Screening) khi bệnh nhân không có triệu chứng chỉ điểm rõ ràng. BHXH sẽ xuất toán ngay lập tức các ca tầm soát không lý do y khoa.",Chuyển sang gói Khám Sức Khỏe Thu Phí Tự Nguyện nếu bệnh nhân muốn tầm soát chưa có bệnh.,,ILLEGAL_SCREENING,TRUE,TRUE,manual_review
RISK-SYNC-001,Đồng bộ bằng chứng tối thiểu cho I12.9,medium,I12.9,,,missing_required_evidence,ICD mới cần có CLS/thuốc và chứng cứ lâm sàng tối thiểu để giảm nguy cơ xuất toán BHYT.,Bổ sung CLS hoặc điều chỉnh đơn thuốc theo phác đồ ngoại trú trước khi gửi thanh toán.,RULE-SYNC-2026.02,TRUE,MISSING_REQUIRED_EVIDENCE,missing_required_evidence
RISK-SYNC-002,Đồng bộ bằng chứng tối thiểu cho I25.9,medium,I25.9,,,missing_required_evidence,ICD mới cần có CLS/thuốc và chứng cứ lâm sàng tối thiểu để giảm nguy cơ xuất toán BHYT.,Bổ sung CLS hoặc điều chỉnh đơn thuốc theo phác đồ ngoại trú trước khi gửi thanh toán.,RULE-SYNC-2026.02,TRUE,MISSING_REQUIRED_EVIDENCE,missing_required_evidence
RISK-SYNC-003,Đồng bộ bằng chứng tối thiểu cho N18.9,medium,N18.9,,,missing_required_evidence,ICD mới cần có CLS/thuốc và chứng cứ lâm sàng tối thiểu để giảm nguy cơ xuất toán BHYT.,Bổ sung CLS hoặc điều chỉnh đơn thuốc theo phác đồ ngoại trú trước khi gửi thanh toán.,RULE-SYNC-2026.02,TRUE,MISSING_REQUIRED_EVIDENCE,missing_required_evidence
RISK-SYNC-004,Đồng bộ bằng chứng tối thiểu cho N18.3,medium,N18.3,,,missing_required_evidence,ICD mới cần có CLS/thuốc và chứng cứ lâm sàng tối thiểu để giảm nguy cơ xuất toán BHYT.,Bổ sung CLS hoặc điều chỉnh đơn thuốc theo phác đồ ngoại trú trước khi gửi thanh toán.,RULE-SYNC-2026.02,TRUE,MISSING_REQUIRED_EVIDENCE,missing_required_evidence
RISK-SYNC-005,Đồng bộ bằng chứng tối thiểu cho K29.7,medium,K29.7,,,missing_required_evidence,ICD mới cần có CLS/thuốc và chứng cứ lâm sàng tối thiểu để giảm nguy cơ xuất toán BHYT.,Bổ sung CLS hoặc điều chỉnh đơn thuốc theo phác đồ ngoại trú trước khi gửi thanh toán.,RULE-SYNC-2026.02,TRUE,MISSING_REQUIRED_EVIDENCE,missing_required_evidence
RISK-SYNC-006,Đồng bộ bằng chứng tối thiểu cho K30,medium,K30,,,missing_required_evidence,ICD mới cần có CLS/thuốc và chứng cứ lâm sàng tối thiểu để giảm nguy cơ xuất toán BHYT.,Bổ sung CLS hoặc điều chỉnh đơn thuốc theo phác đồ ngoại trú trước khi gửi thanh toán.,RULE-SYNC-2026.02,TRUE,MISSING_REQUIRED_EVIDENCE,missing_required_evidence
RISK-SYNC-007,Đồng bộ bằng chứng tối thiểu cho M47.9,medium,M47.9,,,missing_required_evidence,ICD mới cần có CLS/thuốc và chứng cứ lâm sàng tối thiểu để giảm nguy cơ xuất toán BHYT.,Bổ sung CLS hoặc điều chỉnh đơn thuốc theo phác đồ ngoại trú trước khi gửi thanh toán.,RULE-SYNC-2026.02,TRUE,MISSING_REQUIRED_EVIDENCE,missing_required_evidence
RISK-SYNC-008,Đồng bộ bằng chứng tối thiểu cho M25.5,medium,M25.5,,,missing_required_evidence,ICD mới cần có CLS/thuốc và chứng cứ lâm sàng tối thiểu để giảm nguy cơ xuất toán BHYT.,Bổ sung CLS hoặc điều chỉnh đơn thuốc theo phác đồ ngoại trú trước khi gửi thanh toán.,RULE-SYNC-2026.02,TRUE,MISSING_REQUIRED_EVIDENCE,missing_required_evidence
RISK-SYNC-009,Đồng bộ bằng chứng tối thiểu cho F32.9,medium,F32.9,,,missing_required_evidence,ICD mới cần có CLS/thuốc và chứng cứ lâm sàng tối thiểu để giảm nguy cơ xuất toán BHYT.,Bổ sung CLS hoặc điều chỉnh đơn thuốc theo phác đồ ngoại trú trước khi gửi thanh toán.,RULE-SYNC-2026.02,TRUE,MISSING_REQUIRED_EVIDENCE,missing_required_evidence
RISK-SYNC-010,Đồng bộ bằng chứng tối thiểu cho R73.0,medium,R73.0,,,missing_required_evidence,ICD mới cần có CLS/thuốc và chứng cứ lâm sàng tối thiểu để giảm nguy cơ xuất toán BHYT.,Bổ sung CLS hoặc điều chỉnh đơn thuốc theo phác đồ ngoại trú trước khi gửi thanh toán.,RULE-SYNC-2026.02,TRUE,MISSING_REQUIRED_EVIDENCE,missing_required_evidence
RISK-SYNC-011,Đồng bộ bằng chứng tối thiểu cho J00,medium,J00,,,missing_required_evidence,ICD mới cần có CLS/thuốc và chứng cứ lâm sàng tối thiểu để giảm nguy cơ xuất toán BHYT.,Bổ sung CLS hoặc điều chỉnh đơn thuốc theo phác đồ ngoại trú trước khi gửi thanh toán.,RULE-SYNC-2026.02,TRUE,MISSING_REQUIRED_EVIDENCE,missing_required_evidence
RISK-SYNC-012,Đồng bộ bằng chứng tối thiểu cho J30.9,medium,J30.9,,,missing_required_evidence,ICD mới cần có CLS/thuốc và chứng cứ lâm sàng tối thiểu để giảm nguy cơ xuất toán BHYT.,Bổ sung CLS hoặc điều chỉnh đơn thuốc theo phác đồ ngoại trú trước khi gửi thanh toán.,RULE-SYNC-2026.02,TRUE,MISSING_REQUIRED_EVIDENCE,missing_required_evidence
RISK-SYNC-013,Đồng bộ bằng chứng tối thiểu cho J04.0,medium,J04.0,,,missing_required_evidence,ICD mới cần có CLS/thuốc và chứng cứ lâm sàng tối thiểu để giảm nguy cơ xuất toán BHYT.,Bổ sung CLS hoặc điều chỉnh đơn thuốc theo phác đồ ngoại trú trước khi gửi thanh toán.,RULE-SYNC-2026.02,TRUE,MISSING_REQUIRED_EVIDENCE,missing_required_evidence
RISK-SYNC-014,Đồng bộ bằng chứng tối thiểu cho J11.1,medium,J11.1,,,missing_required_evidence,ICD mới cần có CLS/thuốc và chứng cứ lâm sàng tối thiểu để giảm nguy cơ xuất toán BHYT.,Bổ sung CLS hoặc điều chỉnh đơn thuốc theo phác đồ ngoại trú trước khi gửi thanh toán.,RULE-SYNC-2026.02,TRUE,MISSING_REQUIRED_EVIDENCE,missing_required_evidence
RISK-SYNC-015,Đồng bộ bằng chứng tối thiểu cho A09,medium,A09,,,missing_required_evidence,ICD mới cần có CLS/thuốc và chứng cứ lâm sàng tối thiểu để giảm nguy cơ xuất toán BHYT.,Bổ sung CLS hoặc điều chỉnh đơn thuốc theo phác đồ ngoại trú trước khi gửi thanh toán.,RULE-SYNC-2026.02,TRUE,MISSING_REQUIRED_EVIDENCE,missing_required_evidence
RISK-SYNC-016,Đồng bộ bằng chứng tối thiểu cho R50.9,medium,R50.9,,,missing_required_evidence,ICD mới cần có CLS/thuốc và chứng cứ lâm sàng tối thiểu để giảm nguy cơ xuất toán BHYT.,Bổ sung CLS hoặc điều chỉnh đơn thuốc theo phác đồ ngoại trú trước khi gửi thanh toán.,RULE-SYNC-2026.02,TRUE,MISSING_REQUIRED_EVIDENCE,missing_required_evidence
RISK-SYNC-017,Đồng bộ bằng chứng tối thiểu cho R19.7,medium,R19.7,,,missing_required_evidence,ICD mới cần có CLS/thuốc và chứng cứ lâm sàng tối thiểu để giảm nguy cơ xuất toán BHYT.,Bổ sung CLS hoặc điều chỉnh đơn thuốc theo phác đồ ngoại trú trước khi gửi thanh toán.,RULE-SYNC-2026.02,TRUE,MISSING_REQUIRED_EVIDENCE,missing_required_evidence
RISK-SYNC-018,Đồng bộ bằng chứng tối thiểu cho L30.9,medium,L30.9,,,missing_required_evidence,ICD mới cần có CLS/thuốc và chứng cứ lâm sàng tối thiểu để giảm nguy cơ xuất toán BHYT.,Bổ sung CLS hoặc điều chỉnh đơn thuốc theo phác đồ ngoại trú trước khi gửi thanh toán.,RULE-SYNC-2026.02,TRUE,MISSING_REQUIRED_EVIDENCE,missing_required_evidence
RISK-SYNC-019,Đồng bộ bằng chứng tối thiểu cho B35.4,medium,B35.4,,,missing_required_evidence,ICD mới cần có CLS/thuốc và chứng cứ lâm sàng tối thiểu để giảm nguy cơ xuất toán BHYT.,Bổ sung CLS hoặc điều chỉnh đơn thuốc theo phác đồ ngoại trú trước khi gửi thanh toán.,RULE-SYNC-2026.02,TRUE,MISSING_REQUIRED_EVIDENCE,missing_required_evidence
RISK-SYNC-020,Đồng bộ bằng chứng tối thiểu cho H60.9,medium,H60.9,,,missing_required_evidence,ICD mới cần có CLS/thuốc và chứng cứ lâm sàng tối thiểu để giảm nguy cơ xuất toán BHYT.,Bổ sung CLS hoặc điều chỉnh đơn thuốc theo phác đồ ngoại trú trước khi gửi thanh toán.,RULE-SYNC-2026.02,TRUE,MISSING_REQUIRED_EVIDENCE,missing_required_evidence
RISK-SYNC-I129,Đồng bộ bằng chứng tối thiểu cho I12.9,medium,I12.9,,,missing_required_evidence,I12.9 cần hồ sơ cận lâm sàng chức năng thận và điều trị phù hợp trước thanh toán BHYT.,Bổ sung Creatinine/eGFR và rà soát đơn thuốc trước khi gửi thanh toán.,RULE-SYNC-2026.02,TRUE,MISSING_REQUIRED_EVIDENCE,missing_required_evidence
RISK-IMX-001,Kiểm soát chứng cứ tối thiểu cho I13.0,medium,I13.0,,,missing_required_evidence,Mã ICD nội khoa mới cần có chứng cứ cận lâm sàng và chỉ định điều trị phù hợp để hạn chế rủi ro xuất toán.,Bổ sung cận lâm sàng bắt buộc hoặc điều chỉnh chỉ định trước khi gửi thanh toán BHYT.,RULE-IM-2026.03,TRUE,MISSING_REQUIRED_EVIDENCE,missing_required_evidence
RISK-IMX-002,Kiểm soát chứng cứ tối thiểu cho I13.9,medium,I13.9,,,missing_required_evidence,Mã ICD nội khoa mới cần có chứng cứ cận lâm sàng và chỉ định điều trị phù hợp để hạn chế rủi ro xuất toán.,Bổ sung cận lâm sàng bắt buộc hoặc điều chỉnh chỉ định trước khi gửi thanh toán BHYT.,RULE-IM-2026.03,TRUE,MISSING_REQUIRED_EVIDENCE,missing_required_evidence
RISK-IMX-003,Kiểm soát chứng cứ tối thiểu cho I70.9,medium,I70.9,,,missing_required_evidence,Mã ICD nội khoa mới cần có chứng cứ cận lâm sàng và chỉ định điều trị phù hợp để hạn chế rủi ro xuất toán.,Bổ sung cận lâm sàng bắt buộc hoặc điều chỉnh chỉ định trước khi gửi thanh toán BHYT.,RULE-IM-2026.03,TRUE,MISSING_REQUIRED_EVIDENCE,missing_required_evidence
RISK-IMX-004,Kiểm soát chứng cứ tối thiểu cho I73.9,medium,I73.9,,,missing_required_evidence,Mã ICD nội khoa mới cần có chứng cứ cận lâm sàng và chỉ định điều trị phù hợp để hạn chế rủi ro xuất toán.,Bổ sung cận lâm sàng bắt buộc hoặc điều chỉnh chỉ định trước khi gửi thanh toán BHYT.,RULE-IM-2026.03,TRUE,MISSING_REQUIRED_EVIDENCE,missing_required_evidence
RISK-IMX-005,Kiểm soát chứng cứ tối thiểu cho I95.1,medium,I95.1,,,missing_required_evidence,Mã ICD nội khoa mới cần có chứng cứ cận lâm sàng và chỉ định điều trị phù hợp để hạn chế rủi ro xuất toán.,Bổ sung cận lâm sàng bắt buộc hoặc điều chỉnh chỉ định trước khi gửi thanh toán BHYT.,RULE-IM-2026.03,TRUE,MISSING_REQUIRED_EVIDENCE,missing_required_evidence
RISK-IMX-006,Kiểm soát chứng cứ tối thiểu cho E11.2,medium,E11.2,,,missing_required_evidence,Mã ICD nội khoa mới cần có chứng cứ cận lâm sàng và chỉ định điều trị phù hợp để hạn chế rủi ro xuất toán.,Bổ sung cận lâm sàng bắt buộc hoặc điều chỉnh chỉ định trước khi gửi thanh toán BHYT.,RULE-IM-2026.03,TRUE,MISSING_REQUIRED_EVIDENCE,missing_required_evidence
RISK-IMX-007,Kiểm soát chứng cứ tối thiểu cho E11.4,medium,E11.4,,,missing_required_evidence,Mã ICD nội khoa mới cần có chứng cứ cận lâm sàng và chỉ định điều trị phù hợp để hạn chế rủi ro xuất toán.,Bổ sung cận lâm sàng bắt buộc hoặc điều chỉnh chỉ định trước khi gửi thanh toán BHYT.,RULE-IM-2026.03,TRUE,MISSING_REQUIRED_EVIDENCE,missing_required_evidence
RISK-IMX-008,Kiểm soát chứng cứ tối thiểu cho E11.5,medium,E11.5,,,missing_required_evidence,Mã ICD nội khoa mới cần có chứng cứ cận lâm sàng và chỉ định điều trị phù hợp để hạn chế rủi ro xuất toán.,Bổ sung cận lâm sàng bắt buộc hoặc điều chỉnh chỉ định trước khi gửi thanh toán BHYT.,RULE-IM-2026.03,TRUE,MISSING_REQUIRED_EVIDENCE,missing_required_evidence
RISK-IMX-009,Kiểm soát chứng cứ tối thiểu cho E78.2,medium,E78.2,,,missing_required_evidence,Mã ICD nội khoa mới cần có chứng cứ cận lâm sàng và chỉ định điều trị phù hợp để hạn chế rủi ro xuất toán.,Bổ sung cận lâm sàng bắt buộc hoặc điều chỉnh chỉ định trước khi gửi thanh toán BHYT.,RULE-IM-2026.03,TRUE,MISSING_REQUIRED_EVIDENCE,missing_required_evidence
RISK-IMX-010,Kiểm soát chứng cứ tối thiểu cho E87.1,medium,E87.1,,,missing_required_evidence,Mã ICD nội khoa mới cần có chứng cứ cận lâm sàng và chỉ định điều trị phù hợp để hạn chế rủi ro xuất toán.,Bổ sung cận lâm sàng bắt buộc hoặc điều chỉnh chỉ định trước khi gửi thanh toán BHYT.,RULE-IM-2026.03,TRUE,MISSING_REQUIRED_EVIDENCE,missing_required_evidence
RISK-IMX-011,Kiểm soát chứng cứ tối thiểu cho N17.9,medium,N17.9,,,missing_required_evidence,Mã ICD nội khoa mới cần có chứng cứ cận lâm sàng và chỉ định điều trị phù hợp để hạn chế rủi ro xuất toán.,Bổ sung cận lâm sàng bắt buộc hoặc điều chỉnh chỉ định trước khi gửi thanh toán BHYT.,RULE-IM-2026.03,TRUE,MISSING_REQUIRED_EVIDENCE,missing_required_evidence
RISK-IMX-012,Kiểm soát chứng cứ tối thiểu cho N19,medium,N19,,,missing_required_evidence,Mã ICD nội khoa mới cần có chứng cứ cận lâm sàng và chỉ định điều trị phù hợp để hạn chế rủi ro xuất toán.,Bổ sung cận lâm sàng bắt buộc hoặc điều chỉnh chỉ định trước khi gửi thanh toán BHYT.,RULE-IM-2026.03,TRUE,MISSING_REQUIRED_EVIDENCE,missing_required_evidence
RISK-IMX-013,Kiểm soát chứng cứ tối thiểu cho K25.9,medium,K25.9,,,missing_required_evidence,Mã ICD nội khoa mới cần có chứng cứ cận lâm sàng và chỉ định điều trị phù hợp để hạn chế rủi ro xuất toán.,Bổ sung cận lâm sàng bắt buộc hoặc điều chỉnh chỉ định trước khi gửi thanh toán BHYT.,RULE-IM-2026.03,TRUE,MISSING_REQUIRED_EVIDENCE,missing_required_evidence
RISK-IMX-014,Kiểm soát chứng cứ tối thiểu cho K26.9,medium,K26.9,,,missing_required_evidence,Mã ICD nội khoa mới cần có chứng cứ cận lâm sàng và chỉ định điều trị phù hợp để hạn chế rủi ro xuất toán.,Bổ sung cận lâm sàng bắt buộc hoặc điều chỉnh chỉ định trước khi gửi thanh toán BHYT.,RULE-IM-2026.03,TRUE,MISSING_REQUIRED_EVIDENCE,missing_required_evidence
RISK-IMX-015,Kiểm soát chứng cứ tối thiểu cho K27.9,medium,K27.9,,,missing_required_evidence,Mã ICD nội khoa mới cần có chứng cứ cận lâm sàng và chỉ định điều trị phù hợp để hạn chế rủi ro xuất toán.,Bổ sung cận lâm sàng bắt buộc hoặc điều chỉnh chỉ định trước khi gửi thanh toán BHYT.,RULE-IM-2026.03,TRUE,MISSING_REQUIRED_EVIDENCE,missing_required_evidence
RISK-IMX-016,Kiểm soát chứng cứ tối thiểu cho K58.9,medium,K58.9,,,missing_required_evidence,Mã ICD nội khoa mới cần có chứng cứ cận lâm sàng và chỉ định điều trị phù hợp để hạn chế rủi ro xuất toán.,Bổ sung cận lâm sàng bắt buộc hoặc điều chỉnh chỉ định trước khi gửi thanh toán BHYT.,RULE-IM-2026.03,TRUE,MISSING_REQUIRED_EVIDENCE,missing_required_evidence
RISK-IMX-017,Kiểm soát chứng cứ tối thiểu cho K59.0,medium,K59.0,,,missing_required_evidence,Mã ICD nội khoa mới cần có chứng cứ cận lâm sàng và chỉ định điều trị phù hợp để hạn chế rủi ro xuất toán.,Bổ sung cận lâm sàng bắt buộc hoặc điều chỉnh chỉ định trước khi gửi thanh toán BHYT.,RULE-IM-2026.03,TRUE,MISSING_REQUIRED_EVIDENCE,missing_required_evidence
RISK-IMX-018,Kiểm soát chứng cứ tối thiểu cho J18.9,medium,J18.9,,,missing_required_evidence,Mã ICD nội khoa mới cần có chứng cứ cận lâm sàng và chỉ định điều trị phù hợp để hạn chế rủi ro xuất toán.,Bổ sung cận lâm sàng bắt buộc hoặc điều chỉnh chỉ định trước khi gửi thanh toán BHYT.,RULE-IM-2026.03,TRUE,MISSING_REQUIRED_EVIDENCE,missing_required_evidence
RISK-IMX-019,Kiểm soát chứng cứ tối thiểu cho J42,medium,J42,,,missing_required_evidence,Mã ICD nội khoa mới cần có chứng cứ cận lâm sàng và chỉ định điều trị phù hợp để hạn chế rủi ro xuất toán.,Bổ sung cận lâm sàng bắt buộc hoặc điều chỉnh chỉ định trước khi gửi thanh toán BHYT.,RULE-IM-2026.03,TRUE,MISSING_REQUIRED_EVIDENCE,missing_required_evidence
RISK-IMX-020,Kiểm soát chứng cứ tối thiểu cho J47.9,medium,J47.9,,,missing_required_evidence,Mã ICD nội khoa mới cần có chứng cứ cận lâm sàng và chỉ định điều trị phù hợp để hạn chế rủi ro xuất toán.,Bổ sung cận lâm sàng bắt buộc hoặc điều chỉnh chỉ định trước khi gửi thanh toán BHYT.,RULE-IM-2026.03,TRUE,MISSING_REQUIRED_EVIDENCE,missing_required_evidence
RISK-IMX-021,Kiểm soát chứng cứ tối thiểu cho D64.9,medium,D64.9,,,missing_required_evidence,Mã ICD nội khoa mới cần có chứng cứ cận lâm sàng và chỉ định điều trị phù hợp để hạn chế rủi ro xuất toán.,Bổ sung cận lâm sàng bắt buộc hoặc điều chỉnh chỉ định trước khi gửi thanh toán BHYT.,RULE-IM-2026.03,TRUE,MISSING_REQUIRED_EVIDENCE,missing_required_evidence
RISK-IMX-022,Kiểm soát chứng cứ tối thiểu cho D50.9,medium,D50.9,,,missing_required_evidence,Mã ICD nội khoa mới cần có chứng cứ cận lâm sàng và chỉ định điều trị phù hợp để hạn chế rủi ro xuất toán.,Bổ sung cận lâm sàng bắt buộc hoặc điều chỉnh chỉ định trước khi gửi thanh toán BHYT.,RULE-IM-2026.03,TRUE,MISSING_REQUIRED_EVIDENCE,missing_required_evidence
RISK-IMX-023,Kiểm soát chứng cứ tối thiểu cho G47.3,medium,G47.3,,,missing_required_evidence,Mã ICD nội khoa mới cần có chứng cứ cận lâm sàng và chỉ định điều trị phù hợp để hạn chế rủi ro xuất toán.,Bổ sung cận lâm sàng bắt buộc hoặc điều chỉnh chỉ định trước khi gửi thanh toán BHYT.,RULE-IM-2026.03,TRUE,MISSING_REQUIRED_EVIDENCE,missing_required_evidence
RISK-IMX-024,Kiểm soát chứng cứ tối thiểu cho G62.1,medium,G62.1,,,missing_required_evidence,Mã ICD nội khoa mới cần có chứng cứ cận lâm sàng và chỉ định điều trị phù hợp để hạn chế rủi ro xuất toán.,Bổ sung cận lâm sàng bắt buộc hoặc điều chỉnh chỉ định trước khi gửi thanh toán BHYT.,RULE-IM-2026.03,TRUE,MISSING_REQUIRED_EVIDENCE,missing_required_evidence
RISK-IMX-025,Kiểm soát chứng cứ tối thiểu cho R42,medium,R42,,,missing_required_evidence,Mã ICD nội khoa mới cần có chứng cứ cận lâm sàng và chỉ định điều trị phù hợp để hạn chế rủi ro xuất toán.,Bổ sung cận lâm sàng bắt buộc hoặc điều chỉnh chỉ định trước khi gửi thanh toán BHYT.,RULE-IM-2026.03,TRUE,MISSING_REQUIRED_EVIDENCE,missing_required_evidence
RISK-IMX-026,Kiểm soát chứng cứ tối thiểu cho R53,medium,R53,,,missing_required_evidence,Mã ICD nội khoa mới cần có chứng cứ cận lâm sàng và chỉ định điều trị phù hợp để hạn chế rủi ro xuất toán.,Bổ sung cận lâm sàng bắt buộc hoặc điều chỉnh chỉ định trước khi gửi thanh toán BHYT.,RULE-IM-2026.03,TRUE,MISSING_REQUIRED_EVIDENCE,missing_required_evidence
RISK-IMX-027,Kiểm soát chứng cứ tối thiểu cho R06.0,medium,R06.0,,,missing_required_evidence,Mã ICD nội khoa mới cần có chứng cứ cận lâm sàng và chỉ định điều trị phù hợp để hạn chế rủi ro xuất toán.,Bổ sung cận lâm sàng bắt buộc hoặc điều chỉnh chỉ định trước khi gửi thanh toán BHYT.,RULE-IM-2026.03,TRUE,MISSING_REQUIRED_EVIDENCE,missing_required_evidence
RISK-IMX-028,Kiểm soát chứng cứ tối thiểu cho R60.0,medium,R60.0,,,missing_required_evidence,Mã ICD nội khoa mới cần có chứng cứ cận lâm sàng và chỉ định điều trị phù hợp để hạn chế rủi ro xuất toán.,Bổ sung cận lâm sàng bắt buộc hoặc điều chỉnh chỉ định trước khi gửi thanh toán BHYT.,RULE-IM-2026.03,TRUE,MISSING_REQUIRED_EVIDENCE,missing_required_evidence
RISK-IMX-029,Kiểm soát chứng cứ tối thiểu cho R00.2,medium,R00.2,,,missing_required_evidence,Mã ICD nội khoa mới cần có chứng cứ cận lâm sàng và chỉ định điều trị phù hợp để hạn chế rủi ro xuất toán.,Bổ sung cận lâm sàng bắt buộc hoặc điều chỉnh chỉ định trước khi gửi thanh toán BHYT.,RULE-IM-2026.03,TRUE,MISSING_REQUIRED_EVIDENCE,missing_required_evidence
RISK-IMX-030,Kiểm soát chứng cứ tối thiểu cho I49.9,medium,I49.9,,,missing_required_evidence,Mã ICD nội khoa mới cần có chứng cứ cận lâm sàng và chỉ định điều trị phù hợp để hạn chế rủi ro xuất toán.,Bổ sung cận lâm sàng bắt buộc hoặc điều chỉnh chỉ định trước khi gửi thanh toán BHYT.,RULE-IM-2026.03,TRUE,MISSING_REQUIRED_EVIDENCE,missing_required_evidence
